{"fonts":[{"id":"monokai_pro_icons","src":[{"path":"./monokai_pro_icons.woff","format":"woff"}],"weight":"normal","style":"normal","size":"16px"}],"iconDefinitions":{"_angular":{"fontCharacter":"\\F101","fontColor":"#ff6d7e"},"_applescript":{"fontCharacter":"\\F102","fontColor":"#a2e57b"},"_binary":{"fontCharacter":"\\F103","fontColor":"#ffed72"},"_blade":{"fontCharacter":"\\F104","fontColor":"#ff6d7e"},"_c":{"fontCharacter":"\\F105","fontColor":"#ff6d7e"},"_c#":{"fontCharacter":"\\F106","fontColor":"#baa0f8"},"_c++":{"fontCharacter":"\\F107","fontColor":"#7cd5f1"},"_clojure":{"fontCharacter":"\\F108","fontColor":"#7cd5f1"},"_":{"fontCharacter":"\\F140","fontColor":{"DARK2":"#161b1e","DARK1":"#1d2528","BACKGROUND":"#273136","TEXT":"#f2fffc","ACCENT1":"#ff6d7e","ACCENT2":"#ffb270","ACCENT3":"#ffed72","ACCENT4":"#a2e57b","ACCENT5":"#7cd5f1","ACCENT6":"#baa0f8","DIMMED1":"#b8c4c3","DIMMED2":"#8b9798","DIMMED3":"#6b7678","DIMMED4":"#545f62","DIMMED5":"#3a4449"}},"_coffeescript":{"fontCharacter":"\\F10A","fontColor":"#7cd5f1"},"_css":{"fontCharacter":"\\F10B","fontColor":"#ffb270"},"_csv":{"fontCharacter":"\\F10C","fontColor":"#ffed72"},"_dart":{"fontCharacter":"\\F10D","fontColor":"#7cd5f1"},"_default":{"fontCharacter":"\\F10E","fontColor":"#ffed72"},"_docker":{"fontCharacter":"\\F110","fontColor":"#7cd5f1"},"_elixir":{"fontCharacter":"\\F113","fontColor":"#baa0f8"},"_env":{"fontCharacter":"\\F114","fontColor":"#ffed72"},"_erlang":{"fontCharacter":"\\F115","fontColor":"#ff6d7e"},"_eslint":{"fontCharacter":"\\F116","fontColor":"#baa0f8"},"_folder":{"fontCharacter":"\\F118","fontColor":"#8b9798"},"_folder-open":{"fontCharacter":"\\F119","fontColor":"#8b9798"},"_folder-root":{"fontCharacter":"\\F11A","fontColor":"#8b9798"},"_folder-root-open":{"fontCharacter":"\\F11B","fontColor":"#8b9798"},"_font":{"fontCharacter":"\\F11C","fontColor":"#baa0f8"},"_fortran":{"fontCharacter":"\\F11D","fontColor":"#ff6d7e"},"_git":{"fontCharacter":"\\F11E","fontColor":"#ffb270"},"_go":{"fontCharacter":"\\F11F","fontColor":"#7cd5f1"},"_graphql":{"fontCharacter":"\\F120","fontColor":"#ff6d7e"},"_handlebars":{"fontCharacter":"\\F121","fontColor":"#ffb270"},"_haskell":{"fontCharacter":"\\F122","fontColor":"#ffb270"},"_haxe":{"fontCharacter":"\\F123","fontColor":"#ffed72"},"_image":{"fontCharacter":"\\F125","fontColor":"#ffed72"},"_java":{"fontCharacter":"\\F126","fontColor":"#7cd5f1"},"_js":{"fontCharacter":"\\F127","fontColor":"#ffed72"},"_json":{"fontCharacter":"\\F128","fontColor":"#baa0f8"},"_julia":{"fontCharacter":"\\F129","fontColor":"#baa0f8"},"_less":{"fontCharacter":"\\F12A","fontColor":"#baa0f8"},"_lisp":{"fontCharacter":"\\F12B","fontColor":"#ff6d7e"},"_lua":{"fontCharacter":"\\F12D","fontColor":"#7cd5f1"},"_markdown":{"fontCharacter":"\\F12E","fontColor":"#a2e57b"},"_markup":{"fontCharacter":"\\F12F","fontColor":"#ffb270"},"_matlab":{"fontCharacter":"\\F130","fontColor":"#ffb270"},"_npm":{"fontCharacter":"\\F133","fontColor":"#ff6d7e"},"_ocaml":{"fontCharacter":"\\F134","fontColor":"#ffb270"},"_perl":{"fontCharacter":"\\F135","fontColor":"#7cd5f1"},"_php":{"fontCharacter":"\\F136","fontColor":"#7cd5f1"},"_prolog":{"fontCharacter":"\\F138","fontColor":"#ff6d7e"},"_pug":{"fontCharacter":"\\F139","fontColor":"#ffb270"},"_python":{"fontCharacter":"\\F13A","fontColor":"#a2e57b"},"_r":{"fontCharacter":"\\F13B","fontColor":"#7cd5f1"},"_rails":{"fontCharacter":"\\F13C","fontColor":"#ff6d7e"},"_react":{"fontCharacter":"\\F13D","fontColor":"#7cd5f1"},"_reason":{"fontCharacter":"\\F13E","fontColor":"#ffb270"},"_restructuredtext":{"fontCharacter":"\\F13F","fontColor":"#a2e57b"},"_ruby":{"fontCharacter":"\\F141","fontColor":"#ff6d7e"},"_rust":{"fontCharacter":"\\F142","fontColor":"#ffb270"},"_sass":{"fontCharacter":"\\F143","fontColor":"#ff6d7e"},"_scala":{"fontCharacter":"\\F144","fontColor":"#ff6d7e"},"_shell":{"fontCharacter":"\\F145","fontColor":"#a2e57b"},"_source":{"fontCharacter":"\\F146","fontColor":"#ffed72"},"_sql":{"fontCharacter":"\\F147","fontColor":"#baa0f8"},"_stylus":{"fontCharacter":"\\F148","fontColor":"#ffb270"},"_svg":{"fontCharacter":"\\F149","fontColor":"#ffb270"},"_swift":{"fontCharacter":"\\F14A","fontColor":"#ff6d7e"},"_symbolic-link":{"fontCharacter":"\\F14B","fontColor":"#8b9798"},"_terraform":{"fontCharacter":"\\F14C","fontColor":"#baa0f8"},"_tex":{"fontCharacter":"\\F14D","fontColor":"#ffb270"},"_text":{"fontCharacter":"\\F14E","fontColor":"#ffed72"},"_todo":{"fontCharacter":"\\F14F","fontColor":"#a2e57b"},"_toml":{"fontCharacter":"\\F150","fontColor":"#baa0f8"},"_twig":{"fontCharacter":"\\F151","fontColor":"#a2e57b"},"_typescript":{"fontCharacter":"\\F152","fontColor":"#7cd5f1"},"_vue":{"fontCharacter":"\\F153","fontColor":"#a2e57b"},"_yaml":{"fontCharacter":"\\F154","fontColor":"#ffed72"}},"file":"_default","folder":"_folder","folderExpanded":"_folder-open","rootFolder":"_folder-root","rootFolderExpanded":"_folder-root-open","hidesExplorerArrows":true,"folderNames":{},"fileExtensions":{"cmx":"_ocaml","cmxa":"_ocaml","csv":"_csv","eot":"_font","f":"_fortran","for":"_fortran","f90":"_fortran","gif":"_image","hs":"_haskell","jpeg":"_image","webp":"_image","jpg":"_image","lhs":"_haskell","ml":"_ocaml","mli":"_ocaml","png":"_image","pug":"_pug","pxm":"_image","rst":"_restructuredtext","scala":"_scala","sql":"_sql","svg":"_svg","ttf":"_font","twig":"_twig","txt":"_text","vue":"_vue","woff":"_font","woff2":"_font","todo":"_todo"},"fileNames":{".dockerignore":"_docker",".env":"_env",".env.dev":"_env",".env.example":"_env",".env.local":"_env",".env.prod":"_env",".env.staging":"_env",".eslintignore":"_eslint",".eslintrc":"_eslint",".eslintrc.js":"_eslint",".eslintrc.json":"_eslint",".eslintrc.yaml":"_eslint",".eslintrc.yml":"_eslint",".gitattributes":"_git",".gitconfig":"_git",".gitignore":"_git",".gitkeep":"_git",".gitmodules":"_git",".npmignore":"_npm",".npmrc":"_npm","docker-compose.override.yml":"_docker","docker-compose.yaml":"_docker","docker-compose.yml":"_docker","git-history":"_git"},"languageIds":{"angular":"_angular","blade":"_blade","c":"_c","clojure":"_default","coffeescript":"_coffeescript","cpp":"_c++","csharp":"_c#","css":"_css","dart":"_dart","diff":"_default","dockerignore":"_docker","dockerfile":"_docker","elixir":"_elixir","erlang":"_erlang","fortran":"_fortran","fortran90":"_fortran","fortran95":"_fortran","fsharp":"_default","git-rebase":"_git","go":"_go","graphql":"_graphql","groovy":"_default","handlebars":"_handlebars","html":"_markup","ng-template":"_angular","ini":"_default","jade":"_default","java":"_java","javascript":"_js","javascriptreact":"_react","json":"_json","julia":"_julia","latex":"_tex","less":"_less","lua":"_lua","makefile":"_default","markdown":"_markdown","matlab":"_matlab","objective-c":"_c","objective-cpp":"_c++","perl":"_perl","php":"_php","powershell":"_shell","pug":"_pug","prolog":"_prolog","python":"_python","r":"_r","razor":"_default","reason":"_reason","ruby":"_ruby","rust":"_rust","sass":"_sass","scss":"_sass","shaderlab":"_default","shellscript":"_shell","sql":"_sql","stylus":"_stylus","swift":"_swift","tex":"_tex","terraform":"_terraform","todo":"_todo","toml":"_toml","typescript":"_typescript","typescriptreact":"_react","vb":"_default","xml":"_markup","xsl":"_default","yaml":"_yaml","restructuredtext":"_restructuredtext"}}