{"fonts":[{"id":"monokai_pro_icons","src":[{"path":"./monokai_pro_icons.woff","format":"woff"}],"weight":"normal","style":"normal","size":"16px"}],"iconDefinitions":{"_angular":{"fontCharacter":"\\F101","fontColor":"#f92672"},"_applescript":{"fontCharacter":"\\F102","fontColor":"#a6e22e"},"_binary":{"fontCharacter":"\\F103","fontColor":"#e6db74"},"_blade":{"fontCharacter":"\\F104","fontColor":"#f92672"},"_c":{"fontCharacter":"\\F105","fontColor":"#f92672"},"_c#":{"fontCharacter":"\\F106","fontColor":"#ae81ff"},"_c++":{"fontCharacter":"\\F107","fontColor":"#66d9ef"},"_clojure":{"fontCharacter":"\\F108","fontColor":"#66d9ef"},"_":{"fontCharacter":"\\F140","fontColor":{"DARK2":"#161613","DARK1":"#1d1e19","BACKGROUND":"#272822","TEXT":"#fdfff1","ACCENT1":"#f92672","ACCENT2":"#fd971f","ACCENT3":"#e6db74","ACCENT4":"#a6e22e","ACCENT5":"#66d9ef","ACCENT6":"#ae81ff","DIMMED1":"#c0c1b5","DIMMED2":"#919288","DIMMED3":"#6e7066","DIMMED4":"#57584f","DIMMED5":"#3b3c35"}},"_coffeescript":{"fontCharacter":"\\F10A","fontColor":"#66d9ef"},"_css":{"fontCharacter":"\\F10B","fontColor":"#fd971f"},"_csv":{"fontCharacter":"\\F10C","fontColor":"#e6db74"},"_dart":{"fontCharacter":"\\F10D","fontColor":"#66d9ef"},"_default":{"fontCharacter":"\\F10E","fontColor":"#e6db74"},"_docker":{"fontCharacter":"\\F110","fontColor":"#66d9ef"},"_elixir":{"fontCharacter":"\\F113","fontColor":"#ae81ff"},"_env":{"fontCharacter":"\\F114","fontColor":"#e6db74"},"_erlang":{"fontCharacter":"\\F115","fontColor":"#f92672"},"_eslint":{"fontCharacter":"\\F116","fontColor":"#ae81ff"},"_folder":{"fontCharacter":"\\F118","fontColor":"#919288"},"_folder-open":{"fontCharacter":"\\F119","fontColor":"#919288"},"_folder-root":{"fontCharacter":"\\F11A","fontColor":"#919288"},"_folder-root-open":{"fontCharacter":"\\F11B","fontColor":"#919288"},"_font":{"fontCharacter":"\\F11C","fontColor":"#ae81ff"},"_fortran":{"fontCharacter":"\\F11D","fontColor":"#f92672"},"_git":{"fontCharacter":"\\F11E","fontColor":"#fd971f"},"_go":{"fontCharacter":"\\F11F","fontColor":"#66d9ef"},"_graphql":{"fontCharacter":"\\F120","fontColor":"#f92672"},"_handlebars":{"fontCharacter":"\\F121","fontColor":"#fd971f"},"_haskell":{"fontCharacter":"\\F122","fontColor":"#fd971f"},"_haxe":{"fontCharacter":"\\F123","fontColor":"#e6db74"},"_image":{"fontCharacter":"\\F125","fontColor":"#e6db74"},"_java":{"fontCharacter":"\\F126","fontColor":"#66d9ef"},"_js":{"fontCharacter":"\\F127","fontColor":"#e6db74"},"_json":{"fontCharacter":"\\F128","fontColor":"#ae81ff"},"_julia":{"fontCharacter":"\\F129","fontColor":"#ae81ff"},"_less":{"fontCharacter":"\\F12A","fontColor":"#ae81ff"},"_lisp":{"fontCharacter":"\\F12B","fontColor":"#f92672"},"_lua":{"fontCharacter":"\\F12D","fontColor":"#66d9ef"},"_markdown":{"fontCharacter":"\\F12E","fontColor":"#a6e22e"},"_markup":{"fontCharacter":"\\F12F","fontColor":"#fd971f"},"_matlab":{"fontCharacter":"\\F130","fontColor":"#fd971f"},"_npm":{"fontCharacter":"\\F133","fontColor":"#f92672"},"_ocaml":{"fontCharacter":"\\F134","fontColor":"#fd971f"},"_perl":{"fontCharacter":"\\F135","fontColor":"#66d9ef"},"_php":{"fontCharacter":"\\F136","fontColor":"#66d9ef"},"_prolog":{"fontCharacter":"\\F138","fontColor":"#f92672"},"_pug":{"fontCharacter":"\\F139","fontColor":"#fd971f"},"_python":{"fontCharacter":"\\F13A","fontColor":"#a6e22e"},"_r":{"fontCharacter":"\\F13B","fontColor":"#66d9ef"},"_rails":{"fontCharacter":"\\F13C","fontColor":"#f92672"},"_react":{"fontCharacter":"\\F13D","fontColor":"#66d9ef"},"_reason":{"fontCharacter":"\\F13E","fontColor":"#fd971f"},"_restructuredtext":{"fontCharacter":"\\F13F","fontColor":"#a6e22e"},"_ruby":{"fontCharacter":"\\F141","fontColor":"#f92672"},"_rust":{"fontCharacter":"\\F142","fontColor":"#fd971f"},"_sass":{"fontCharacter":"\\F143","fontColor":"#f92672"},"_scala":{"fontCharacter":"\\F144","fontColor":"#f92672"},"_shell":{"fontCharacter":"\\F145","fontColor":"#a6e22e"},"_source":{"fontCharacter":"\\F146","fontColor":"#e6db74"},"_sql":{"fontCharacter":"\\F147","fontColor":"#ae81ff"},"_stylus":{"fontCharacter":"\\F148","fontColor":"#fd971f"},"_svg":{"fontCharacter":"\\F149","fontColor":"#fd971f"},"_swift":{"fontCharacter":"\\F14A","fontColor":"#f92672"},"_symbolic-link":{"fontCharacter":"\\F14B","fontColor":"#919288"},"_terraform":{"fontCharacter":"\\F14C","fontColor":"#ae81ff"},"_tex":{"fontCharacter":"\\F14D","fontColor":"#fd971f"},"_text":{"fontCharacter":"\\F14E","fontColor":"#e6db74"},"_todo":{"fontCharacter":"\\F14F","fontColor":"#a6e22e"},"_toml":{"fontCharacter":"\\F150","fontColor":"#ae81ff"},"_twig":{"fontCharacter":"\\F151","fontColor":"#a6e22e"},"_typescript":{"fontCharacter":"\\F152","fontColor":"#66d9ef"},"_vue":{"fontCharacter":"\\F153","fontColor":"#a6e22e"},"_yaml":{"fontCharacter":"\\F154","fontColor":"#e6db74"}},"file":"_default","folder":"_folder","folderExpanded":"_folder-open","rootFolder":"_folder-root","rootFolderExpanded":"_folder-root-open","hidesExplorerArrows":true,"folderNames":{},"fileExtensions":{"cmx":"_ocaml","cmxa":"_ocaml","csv":"_csv","eot":"_font","f":"_fortran","for":"_fortran","f90":"_fortran","gif":"_image","hs":"_haskell","jpeg":"_image","webp":"_image","jpg":"_image","lhs":"_haskell","ml":"_ocaml","mli":"_ocaml","png":"_image","pug":"_pug","pxm":"_image","rst":"_restructuredtext","scala":"_scala","sql":"_sql","svg":"_svg","ttf":"_font","twig":"_twig","txt":"_text","vue":"_vue","woff":"_font","woff2":"_font","todo":"_todo"},"fileNames":{".dockerignore":"_docker",".env":"_env",".env.dev":"_env",".env.example":"_env",".env.local":"_env",".env.prod":"_env",".env.staging":"_env",".eslintignore":"_eslint",".eslintrc":"_eslint",".eslintrc.js":"_eslint",".eslintrc.json":"_eslint",".eslintrc.yaml":"_eslint",".eslintrc.yml":"_eslint",".gitattributes":"_git",".gitconfig":"_git",".gitignore":"_git",".gitkeep":"_git",".gitmodules":"_git",".npmignore":"_npm",".npmrc":"_npm","docker-compose.override.yml":"_docker","docker-compose.yaml":"_docker","docker-compose.yml":"_docker","git-history":"_git"},"languageIds":{"angular":"_angular","blade":"_blade","c":"_c","clojure":"_default","coffeescript":"_coffeescript","cpp":"_c++","csharp":"_c#","css":"_css","dart":"_dart","diff":"_default","dockerignore":"_docker","dockerfile":"_docker","elixir":"_elixir","erlang":"_erlang","fortran":"_fortran","fortran90":"_fortran","fortran95":"_fortran","fsharp":"_default","git-rebase":"_git","go":"_go","graphql":"_graphql","groovy":"_default","handlebars":"_handlebars","html":"_markup","ng-template":"_angular","ini":"_default","jade":"_default","java":"_java","javascript":"_js","javascriptreact":"_react","json":"_json","julia":"_julia","latex":"_tex","less":"_less","lua":"_lua","makefile":"_default","markdown":"_markdown","matlab":"_matlab","objective-c":"_c","objective-cpp":"_c++","perl":"_perl","php":"_php","powershell":"_shell","pug":"_pug","prolog":"_prolog","python":"_python","r":"_r","razor":"_default","reason":"_reason","ruby":"_ruby","rust":"_rust","sass":"_sass","scss":"_sass","shaderlab":"_default","shellscript":"_shell","sql":"_sql","stylus":"_stylus","swift":"_swift","tex":"_tex","terraform":"_terraform","todo":"_todo","toml":"_toml","typescript":"_typescript","typescriptreact":"_react","vb":"_default","xml":"_markup","xsl":"_default","yaml":"_yaml","restructuredtext":"_restructuredtext"}}