{"fonts":[{"id":"monokai_pro_icons","src":[{"path":"./monokai_pro_icons.woff","format":"woff"}],"weight":"normal","style":"normal","size":"16px"}],"iconDefinitions":{"_angular":{"fontCharacter":"\\F101","fontColor":"#ff657a"},"_applescript":{"fontCharacter":"\\F102","fontColor":"#bad761"},"_binary":{"fontCharacter":"\\F103","fontColor":"#ffd76d"},"_blade":{"fontCharacter":"\\F104","fontColor":"#ff657a"},"_c":{"fontCharacter":"\\F105","fontColor":"#ff657a"},"_c#":{"fontCharacter":"\\F106","fontColor":"#c39ac9"},"_c++":{"fontCharacter":"\\F107","fontColor":"#9cd1bb"},"_clojure":{"fontCharacter":"\\F108","fontColor":"#9cd1bb"},"_":{"fontCharacter":"\\F140","fontColor":{"DARK2":"#161821","DARK1":"#1e1f2b","BACKGROUND":"#282a3a","TEXT":"#eaf2f1","ACCENT1":"#ff657a","ACCENT2":"#ff9b5e","ACCENT3":"#ffd76d","ACCENT4":"#bad761","ACCENT5":"#9cd1bb","ACCENT6":"#c39ac9","DIMMED1":"#b2b9bd","DIMMED2":"#888d94","DIMMED3":"#696d77","DIMMED4":"#535763","DIMMED5":"#3a3d4b"}},"_coffeescript":{"fontCharacter":"\\F10A","fontColor":"#9cd1bb"},"_css":{"fontCharacter":"\\F10B","fontColor":"#ff9b5e"},"_csv":{"fontCharacter":"\\F10C","fontColor":"#ffd76d"},"_dart":{"fontCharacter":"\\F10D","fontColor":"#9cd1bb"},"_default":{"fontCharacter":"\\F10E","fontColor":"#ffd76d"},"_docker":{"fontCharacter":"\\F110","fontColor":"#9cd1bb"},"_elixir":{"fontCharacter":"\\F113","fontColor":"#c39ac9"},"_env":{"fontCharacter":"\\F114","fontColor":"#ffd76d"},"_erlang":{"fontCharacter":"\\F115","fontColor":"#ff657a"},"_eslint":{"fontCharacter":"\\F116","fontColor":"#c39ac9"},"_folder":{"fontCharacter":"\\F118","fontColor":"#888d94"},"_folder-open":{"fontCharacter":"\\F119","fontColor":"#888d94"},"_folder-root":{"fontCharacter":"\\F11A","fontColor":"#888d94"},"_folder-root-open":{"fontCharacter":"\\F11B","fontColor":"#888d94"},"_font":{"fontCharacter":"\\F11C","fontColor":"#c39ac9"},"_fortran":{"fontCharacter":"\\F11D","fontColor":"#ff657a"},"_git":{"fontCharacter":"\\F11E","fontColor":"#ff9b5e"},"_go":{"fontCharacter":"\\F11F","fontColor":"#9cd1bb"},"_graphql":{"fontCharacter":"\\F120","fontColor":"#ff657a"},"_handlebars":{"fontCharacter":"\\F121","fontColor":"#ff9b5e"},"_haskell":{"fontCharacter":"\\F122","fontColor":"#ff9b5e"},"_haxe":{"fontCharacter":"\\F123","fontColor":"#ffd76d"},"_image":{"fontCharacter":"\\F125","fontColor":"#ffd76d"},"_java":{"fontCharacter":"\\F126","fontColor":"#9cd1bb"},"_js":{"fontCharacter":"\\F127","fontColor":"#ffd76d"},"_json":{"fontCharacter":"\\F128","fontColor":"#c39ac9"},"_julia":{"fontCharacter":"\\F129","fontColor":"#c39ac9"},"_less":{"fontCharacter":"\\F12A","fontColor":"#c39ac9"},"_lisp":{"fontCharacter":"\\F12B","fontColor":"#ff657a"},"_lua":{"fontCharacter":"\\F12D","fontColor":"#9cd1bb"},"_markdown":{"fontCharacter":"\\F12E","fontColor":"#bad761"},"_markup":{"fontCharacter":"\\F12F","fontColor":"#ff9b5e"},"_matlab":{"fontCharacter":"\\F130","fontColor":"#ff9b5e"},"_npm":{"fontCharacter":"\\F133","fontColor":"#ff657a"},"_ocaml":{"fontCharacter":"\\F134","fontColor":"#ff9b5e"},"_perl":{"fontCharacter":"\\F135","fontColor":"#9cd1bb"},"_php":{"fontCharacter":"\\F136","fontColor":"#9cd1bb"},"_prolog":{"fontCharacter":"\\F138","fontColor":"#ff657a"},"_pug":{"fontCharacter":"\\F139","fontColor":"#ff9b5e"},"_python":{"fontCharacter":"\\F13A","fontColor":"#bad761"},"_r":{"fontCharacter":"\\F13B","fontColor":"#9cd1bb"},"_rails":{"fontCharacter":"\\F13C","fontColor":"#ff657a"},"_react":{"fontCharacter":"\\F13D","fontColor":"#9cd1bb"},"_reason":{"fontCharacter":"\\F13E","fontColor":"#ff9b5e"},"_restructuredtext":{"fontCharacter":"\\F13F","fontColor":"#bad761"},"_ruby":{"fontCharacter":"\\F141","fontColor":"#ff657a"},"_rust":{"fontCharacter":"\\F142","fontColor":"#ff9b5e"},"_sass":{"fontCharacter":"\\F143","fontColor":"#ff657a"},"_scala":{"fontCharacter":"\\F144","fontColor":"#ff657a"},"_shell":{"fontCharacter":"\\F145","fontColor":"#bad761"},"_source":{"fontCharacter":"\\F146","fontColor":"#ffd76d"},"_sql":{"fontCharacter":"\\F147","fontColor":"#c39ac9"},"_stylus":{"fontCharacter":"\\F148","fontColor":"#ff9b5e"},"_svg":{"fontCharacter":"\\F149","fontColor":"#ff9b5e"},"_swift":{"fontCharacter":"\\F14A","fontColor":"#ff657a"},"_symbolic-link":{"fontCharacter":"\\F14B","fontColor":"#888d94"},"_terraform":{"fontCharacter":"\\F14C","fontColor":"#c39ac9"},"_tex":{"fontCharacter":"\\F14D","fontColor":"#ff9b5e"},"_text":{"fontCharacter":"\\F14E","fontColor":"#ffd76d"},"_todo":{"fontCharacter":"\\F14F","fontColor":"#bad761"},"_toml":{"fontCharacter":"\\F150","fontColor":"#c39ac9"},"_twig":{"fontCharacter":"\\F151","fontColor":"#bad761"},"_typescript":{"fontCharacter":"\\F152","fontColor":"#9cd1bb"},"_vue":{"fontCharacter":"\\F153","fontColor":"#bad761"},"_yaml":{"fontCharacter":"\\F154","fontColor":"#ffd76d"}},"file":"_default","folder":"_folder","folderExpanded":"_folder-open","rootFolder":"_folder-root","rootFolderExpanded":"_folder-root-open","hidesExplorerArrows":true,"folderNames":{},"fileExtensions":{"cmx":"_ocaml","cmxa":"_ocaml","csv":"_csv","eot":"_font","f":"_fortran","for":"_fortran","f90":"_fortran","gif":"_image","hs":"_haskell","jpeg":"_image","webp":"_image","jpg":"_image","lhs":"_haskell","ml":"_ocaml","mli":"_ocaml","png":"_image","pug":"_pug","pxm":"_image","rst":"_restructuredtext","scala":"_scala","sql":"_sql","svg":"_svg","ttf":"_font","twig":"_twig","txt":"_text","vue":"_vue","woff":"_font","woff2":"_font","todo":"_todo"},"fileNames":{".dockerignore":"_docker",".env":"_env",".env.dev":"_env",".env.example":"_env",".env.local":"_env",".env.prod":"_env",".env.staging":"_env",".eslintignore":"_eslint",".eslintrc":"_eslint",".eslintrc.js":"_eslint",".eslintrc.json":"_eslint",".eslintrc.yaml":"_eslint",".eslintrc.yml":"_eslint",".gitattributes":"_git",".gitconfig":"_git",".gitignore":"_git",".gitkeep":"_git",".gitmodules":"_git",".npmignore":"_npm",".npmrc":"_npm","docker-compose.override.yml":"_docker","docker-compose.yaml":"_docker","docker-compose.yml":"_docker","git-history":"_git"},"languageIds":{"angular":"_angular","blade":"_blade","c":"_c","clojure":"_default","coffeescript":"_coffeescript","cpp":"_c++","csharp":"_c#","css":"_css","dart":"_dart","diff":"_default","dockerignore":"_docker","dockerfile":"_docker","elixir":"_elixir","erlang":"_erlang","fortran":"_fortran","fortran90":"_fortran","fortran95":"_fortran","fsharp":"_default","git-rebase":"_git","go":"_go","graphql":"_graphql","groovy":"_default","handlebars":"_handlebars","html":"_markup","ng-template":"_angular","ini":"_default","jade":"_default","java":"_java","javascript":"_js","javascriptreact":"_react","json":"_json","julia":"_julia","latex":"_tex","less":"_less","lua":"_lua","makefile":"_default","markdown":"_markdown","matlab":"_matlab","objective-c":"_c","objective-cpp":"_c++","perl":"_perl","php":"_php","powershell":"_shell","pug":"_pug","prolog":"_prolog","python":"_python","r":"_r","razor":"_default","reason":"_reason","ruby":"_ruby","rust":"_rust","sass":"_sass","scss":"_sass","shaderlab":"_default","shellscript":"_shell","sql":"_sql","stylus":"_stylus","swift":"_swift","tex":"_tex","terraform":"_terraform","todo":"_todo","toml":"_toml","typescript":"_typescript","typescriptreact":"_react","vb":"_default","xml":"_markup","xsl":"_default","yaml":"_yaml","restructuredtext":"_restructuredtext"}}