{"fonts":[{"id":"monokai_pro_icons","src":[{"path":"./monokai_pro_icons.woff","format":"woff"}],"weight":"normal","style":"normal","size":"16px"}],"iconDefinitions":{"_angular":{"fontCharacter":"\\F101","fontColor":"#fc618d"},"_applescript":{"fontCharacter":"\\F102","fontColor":"#7bd88f"},"_binary":{"fontCharacter":"\\F103","fontColor":"#fce566"},"_blade":{"fontCharacter":"\\F104","fontColor":"#fc618d"},"_c":{"fontCharacter":"\\F105","fontColor":"#fc618d"},"_c#":{"fontCharacter":"\\F106","fontColor":"#948ae3"},"_c++":{"fontCharacter":"\\F107","fontColor":"#5ad4e6"},"_clojure":{"fontCharacter":"\\F108","fontColor":"#5ad4e6"},"_":{"fontCharacter":"\\F140","fontColor":{"DARK2":"#131313","DARK1":"#191919","BACKGROUND":"#222222","TEXT":"#f7f1ff","ACCENT1":"#fc618d","ACCENT2":"#fd9353","ACCENT3":"#fce566","ACCENT4":"#7bd88f","ACCENT5":"#5ad4e6","ACCENT6":"#948ae3","DIMMED1":"#bab6c0","DIMMED2":"#8b888f","DIMMED3":"#69676c","DIMMED4":"#525053","DIMMED5":"#363537"}},"_coffeescript":{"fontCharacter":"\\F10A","fontColor":"#5ad4e6"},"_css":{"fontCharacter":"\\F10B","fontColor":"#fd9353"},"_csv":{"fontCharacter":"\\F10C","fontColor":"#fce566"},"_dart":{"fontCharacter":"\\F10D","fontColor":"#5ad4e6"},"_default":{"fontCharacter":"\\F10E","fontColor":"#fce566"},"_docker":{"fontCharacter":"\\F110","fontColor":"#5ad4e6"},"_elixir":{"fontCharacter":"\\F113","fontColor":"#948ae3"},"_env":{"fontCharacter":"\\F114","fontColor":"#fce566"},"_erlang":{"fontCharacter":"\\F115","fontColor":"#fc618d"},"_eslint":{"fontCharacter":"\\F116","fontColor":"#948ae3"},"_folder":{"fontCharacter":"\\F118","fontColor":"#8b888f"},"_folder-open":{"fontCharacter":"\\F119","fontColor":"#8b888f"},"_folder-root":{"fontCharacter":"\\F11A","fontColor":"#8b888f"},"_folder-root-open":{"fontCharacter":"\\F11B","fontColor":"#8b888f"},"_font":{"fontCharacter":"\\F11C","fontColor":"#948ae3"},"_fortran":{"fontCharacter":"\\F11D","fontColor":"#fc618d"},"_git":{"fontCharacter":"\\F11E","fontColor":"#fd9353"},"_go":{"fontCharacter":"\\F11F","fontColor":"#5ad4e6"},"_graphql":{"fontCharacter":"\\F120","fontColor":"#fc618d"},"_handlebars":{"fontCharacter":"\\F121","fontColor":"#fd9353"},"_haskell":{"fontCharacter":"\\F122","fontColor":"#fd9353"},"_haxe":{"fontCharacter":"\\F123","fontColor":"#fce566"},"_image":{"fontCharacter":"\\F125","fontColor":"#fce566"},"_java":{"fontCharacter":"\\F126","fontColor":"#5ad4e6"},"_js":{"fontCharacter":"\\F127","fontColor":"#fce566"},"_json":{"fontCharacter":"\\F128","fontColor":"#948ae3"},"_julia":{"fontCharacter":"\\F129","fontColor":"#948ae3"},"_less":{"fontCharacter":"\\F12A","fontColor":"#948ae3"},"_lisp":{"fontCharacter":"\\F12B","fontColor":"#fc618d"},"_lua":{"fontCharacter":"\\F12D","fontColor":"#5ad4e6"},"_markdown":{"fontCharacter":"\\F12E","fontColor":"#7bd88f"},"_markup":{"fontCharacter":"\\F12F","fontColor":"#fd9353"},"_matlab":{"fontCharacter":"\\F130","fontColor":"#fd9353"},"_npm":{"fontCharacter":"\\F133","fontColor":"#fc618d"},"_ocaml":{"fontCharacter":"\\F134","fontColor":"#fd9353"},"_perl":{"fontCharacter":"\\F135","fontColor":"#5ad4e6"},"_php":{"fontCharacter":"\\F136","fontColor":"#5ad4e6"},"_prolog":{"fontCharacter":"\\F138","fontColor":"#fc618d"},"_pug":{"fontCharacter":"\\F139","fontColor":"#fd9353"},"_python":{"fontCharacter":"\\F13A","fontColor":"#7bd88f"},"_r":{"fontCharacter":"\\F13B","fontColor":"#5ad4e6"},"_rails":{"fontCharacter":"\\F13C","fontColor":"#fc618d"},"_react":{"fontCharacter":"\\F13D","fontColor":"#5ad4e6"},"_reason":{"fontCharacter":"\\F13E","fontColor":"#fd9353"},"_restructuredtext":{"fontCharacter":"\\F13F","fontColor":"#7bd88f"},"_ruby":{"fontCharacter":"\\F141","fontColor":"#fc618d"},"_rust":{"fontCharacter":"\\F142","fontColor":"#fd9353"},"_sass":{"fontCharacter":"\\F143","fontColor":"#fc618d"},"_scala":{"fontCharacter":"\\F144","fontColor":"#fc618d"},"_shell":{"fontCharacter":"\\F145","fontColor":"#7bd88f"},"_source":{"fontCharacter":"\\F146","fontColor":"#fce566"},"_sql":{"fontCharacter":"\\F147","fontColor":"#948ae3"},"_stylus":{"fontCharacter":"\\F148","fontColor":"#fd9353"},"_svg":{"fontCharacter":"\\F149","fontColor":"#fd9353"},"_swift":{"fontCharacter":"\\F14A","fontColor":"#fc618d"},"_symbolic-link":{"fontCharacter":"\\F14B","fontColor":"#8b888f"},"_terraform":{"fontCharacter":"\\F14C","fontColor":"#948ae3"},"_tex":{"fontCharacter":"\\F14D","fontColor":"#fd9353"},"_text":{"fontCharacter":"\\F14E","fontColor":"#fce566"},"_todo":{"fontCharacter":"\\F14F","fontColor":"#7bd88f"},"_toml":{"fontCharacter":"\\F150","fontColor":"#948ae3"},"_twig":{"fontCharacter":"\\F151","fontColor":"#7bd88f"},"_typescript":{"fontCharacter":"\\F152","fontColor":"#5ad4e6"},"_vue":{"fontCharacter":"\\F153","fontColor":"#7bd88f"},"_yaml":{"fontCharacter":"\\F154","fontColor":"#fce566"}},"file":"_default","folder":"_folder","folderExpanded":"_folder-open","rootFolder":"_folder-root","rootFolderExpanded":"_folder-root-open","hidesExplorerArrows":true,"folderNames":{},"fileExtensions":{"cmx":"_ocaml","cmxa":"_ocaml","csv":"_csv","eot":"_font","f":"_fortran","for":"_fortran","f90":"_fortran","gif":"_image","hs":"_haskell","jpeg":"_image","webp":"_image","jpg":"_image","lhs":"_haskell","ml":"_ocaml","mli":"_ocaml","png":"_image","pug":"_pug","pxm":"_image","rst":"_restructuredtext","scala":"_scala","sql":"_sql","svg":"_svg","ttf":"_font","twig":"_twig","txt":"_text","vue":"_vue","woff":"_font","woff2":"_font","todo":"_todo"},"fileNames":{".dockerignore":"_docker",".env":"_env",".env.dev":"_env",".env.example":"_env",".env.local":"_env",".env.prod":"_env",".env.staging":"_env",".eslintignore":"_eslint",".eslintrc":"_eslint",".eslintrc.js":"_eslint",".eslintrc.json":"_eslint",".eslintrc.yaml":"_eslint",".eslintrc.yml":"_eslint",".gitattributes":"_git",".gitconfig":"_git",".gitignore":"_git",".gitkeep":"_git",".gitmodules":"_git",".npmignore":"_npm",".npmrc":"_npm","docker-compose.override.yml":"_docker","docker-compose.yaml":"_docker","docker-compose.yml":"_docker","git-history":"_git"},"languageIds":{"angular":"_angular","blade":"_blade","c":"_c","clojure":"_default","coffeescript":"_coffeescript","cpp":"_c++","csharp":"_c#","css":"_css","dart":"_dart","diff":"_default","dockerignore":"_docker","dockerfile":"_docker","elixir":"_elixir","erlang":"_erlang","fortran":"_fortran","fortran90":"_fortran","fortran95":"_fortran","fsharp":"_default","git-rebase":"_git","go":"_go","graphql":"_graphql","groovy":"_default","handlebars":"_handlebars","html":"_markup","ng-template":"_angular","ini":"_default","jade":"_default","java":"_java","javascript":"_js","javascriptreact":"_react","json":"_json","julia":"_julia","latex":"_tex","less":"_less","lua":"_lua","makefile":"_default","markdown":"_markdown","matlab":"_matlab","objective-c":"_c","objective-cpp":"_c++","perl":"_perl","php":"_php","powershell":"_shell","pug":"_pug","prolog":"_prolog","python":"_python","r":"_r","razor":"_default","reason":"_reason","ruby":"_ruby","rust":"_rust","sass":"_sass","scss":"_sass","shaderlab":"_default","shellscript":"_shell","sql":"_sql","stylus":"_stylus","swift":"_swift","tex":"_tex","terraform":"_terraform","todo":"_todo","toml":"_toml","typescript":"_typescript","typescriptreact":"_react","vb":"_default","xml":"_markup","xsl":"_default","yaml":"_yaml","restructuredtext":"_restructuredtext"}}