{
	"extension.description": "Déboguez votre code JavaScript dans le navigateur Chrome ou toute autre cible prenant en charge le protocole du débogueur Chrome.",
	"chrome.toggleSkipping.title": "Chrome : Ignorer/Ne pas ignorer ce fichier",
	"chrome.toggleSmartStep.title": "Chrome : Exécuter/Ne pas exécuter un pas à pas intelligent",
	"chrome.port.description": "Port à utiliser pour le débogage à distance de Chrome.",
	"chrome.address.description": "Adresse TCP/IP du port de débogage",
	"chrome.file.description": "Fichier html local à ouvrir dans le navigateur",
	"chrome.url.description": "Cherche un onglet avec cette URL EXACTE et l'attache, le cas échéant",
	"chrome.webRoot.description": "Ceci spécifie le chemin absolu de l'espace de travail à la racine du serveur web. Permet de résoudre les chemins tels que '/app.js' en fichiers sur disque. Raccourci d'un pathMapping pour \"/\"",
	"chrome.pathMapping.description": "Mappage des URL/chemins aux dossiers locaux, pour résoudre les scripts dans Chrome en scripts sur disque",
	"chrome.runtimeExecutable.description": "Chemin absolu de l'espace de travail de l'exécutable du runtime à utiliser. S'il n'est pas spécifié, Chrome est utilisé à partir de l'emplacement d'installation par défaut.",
	"chrome.runtimeArgs.description": "Arguments facultatifs passés à l'exécutable du runtime.",
	"chrome.env.description": "Dictionnaire facultatif des paires clé/valeur de l'environnement.",
	"chrome.cwd.description": "Répertoire de travail facultatif pour l'exécutable du runtime.",
	"chrome.sourceMaps.description": "Utilisez des mappages de sources JavaScript (le cas échéant).",
	"chrome.diagnosticLogging.description": "Quand la valeur est true, l'adaptateur journalise ses propres informations de diagnostic dans la console dans un format compréhensible",
	"chrome.verboseDiagnosticLogging.description": "Quand la valeur est true, l'adaptateur journalise l'ensemble du trafic lié au client et à la cible (ainsi que les informations journalisées par 'diagnosticLogging')",
	"chrome.trace.description": "Quand la valeur est 'true', le débogueur journalise les informations de traçage dans un fichier. Quand la valeur est 'verbose', il affiche également les journaux dans la console.",
	"chrome.userDataDir.description": "Par défaut, Chrome est lancé avec un profil utilisateur distinct dans un dossier temporaire. Utilisez cette option pour le remplacer. Affectez la valeur false pour démarrer avec votre profil utilisateur par défaut.",
	"chrome.sourceMapPathOverrides.description": "Ensemble de mappages pour la réécriture des emplacements des fichiers sources à partir des indications du mappage de source vers les emplacements appropriés sur le disque. Pour plus d'informations, consultez le README.",
	"chrome.smartStep.description": "Exécutez un pas à pas automatique parmi les lignes non mappées des fichiers de mappage de source. Il peut s'agir, par exemple, du code produit automatiquement par TypeScript durant la génération du code JavaScript pour async/await ou d'autres fonctionnalités.",
	"chrome.skipFiles.description": "Groupe de noms de fichiers ou de dossiers, ou globs de chemin, à ignorer durant le débogage.",
	"chrome.timeout.description": "Réessayez de vous connecter à Chrome pendant le nombre suivant de millisecondes. Valeur par défaut : 10 000 ms.",
	"chrome.disableNetworkCache.description": "Contrôle si le cache réseau de chaque requête doit être ignoré",
	"chrome.urlFilter.description": "Cherche une page avec cette URL et l'attache, le cas échéant. Les caractères génériques * sont autorisés.",
	"chrome.targetTypes.description": "Tableau de types cibles acceptables. Valeur par défaut : '[\"page\"]'.",
	"chrome.showAsyncStacks.description": "Afficher les appels asynchrones ayant conduit à la pile des appels actuelle",
	"chrome.breakOnLoad.description": "Fonctionnalité expérimentale - Si la valeur est true, l'adaptateur de débogage tente de définir des points d'arrêt dans les scripts avant leur chargement. Ainsi, il peut atteindre les points d'arrêt au début de ces scripts. Cela a un impact sur le niveau de performance.",
	"chrome.breakOnLoadStrategy.description": "Stratégie à utiliser pour breakOnLoad.",
	"chrome.breakOnLoadStrategy.instrument.description": "Indiquer à Chrome d'interrompre son exécution durant le chargement de chaque script pour résoudre les mappages de sources et définir les points d'arrêt",
	"chrome.breakOnLoadStrategy.regex.description": "Définit les points d'arrêt de manière optimiste dans les fichiers qui portent le même nom que le fichier dans lequel le point d'arrêt est défini.",
	"debug.chrome.useV3.description": "[Experimental] Controls whether to delegate \"chrome\"-type launch configs to the js-debug extension."
}