{
  "cmd.downloadSettings.error.removeExtFail": "Sync: Einige Erweiterungen konnten nicht entfernt werden",
  "cmd.downloadSettings.error.unableSave": "Sync: Die Extension Datei konnte nicht gespeichert werden.",
  "cmd.downloadSettings.info.downloaded": "Sync: Herunterladen Abgeschlossen.",
  "cmd.downloadSettings.info.gotLatestVersion": "Sync: Du hast bereits die neueste Version der gespeicherten Einstellungen.",
  "cmd.downloadSettings.info.readdingOnline": "Sync: Lese Online Einstellungen.",
  "cmd.downloadSettings.title": "Sync: Einstellungen für das Herunterladen",
  "cmd.howSetting.title": "Sync: Wie wird diese Erweiterung konfiguriert",
  "cmd.otherOptions.customizedSync": "Sync: Hinzufügen eines benutzerdefinierten Sync Datei-Pfades",
  "cmd.otherOptions.customizedSync.done": "Sync: {0} wurde registriert.",
  "cmd.otherOptions.customizedSync.placeholder": "Geben Sie einen absoluten Pfad für die zusätzlichen hochzuladende Datei ein.",
  "cmd.otherOptions.customizedSync.prompt": "(ex. /Pfad/zu/.eslintrc) wird in einen speziellen Pfad hoch bzw. heruntergeladen.",
  "cmd.otherOptions.downloadCustomFile": "Sync: Importiere Benutzerdefinierte Sync-Datei zu Ihrem Arbeitsbereich",
  "cmd.otherOptions.downloadCustomFile.done": "Heruntergeladen von {0}.",
  "cmd.otherOptions.downloadCustomFile.placeholder": "Wählen Sie die Datei, die Sie in das Basisverzeichnis des aktuellen Arbeitsverzeichnis herunterladen möchten",
  "cmd.otherOptions.downloadSetting": "Sync: Einstellungen herunterladen",
  "cmd.otherOptions.editLocalSetting": "Sync: Lokale Einstellungen der Erweiterung bearbeiten",
  "cmd.otherOptions.error.toggleFail": "Sync: Kann nicht umschalten.",
  "cmd.otherOptions.joinCommunity": "Sync: Community beitreten",
  "cmd.otherOptions.openIssue": "Sync: Problem melden",
  "cmd.otherOptions.openSettingsPage": "Sync: Einstellungen öffnen",
  "cmd.otherOptions.preserve": "Sync: Aufbewahren der Einstellungen um ein Überschreiben nach dem Herunterladen zu verhindern.",
  "cmd.otherOptions.preserve.info.done1": "Sync: erledigt. {0} - Wert wird aus der settings.json nach dem Herunterladen entfernt.",
  "cmd.otherOptions.preserve.info.done2": "Sync: erledigt. Die Erweiterung behält den Wert {0}: {1} in der settings.json nach dem Herunterladen.",
  "cmd.otherOptions.preserve.placeholder": "Drücken Sie eine beliebige Taste um settings.json aufzubewahren.",
  "cmd.otherOptions.preserve.prompt": "Beispiel: Geben Sie ihren lokalen Proxy in 'http.proxy' an. Dadurch wird er lokal überschrieben. Wenn es leer ist, wird der Proxy entfernt.",
  "cmd.otherOptions.quietSync.off": "Sync: Es wird eine Ausgabe beim Hoch-/Herunterladen angezeigt.",
  "cmd.otherOptions.quietSync.on": "Sync: Die Statusleiste wird beim Hoch-/Herunterladen aktualisiert.",
  "cmd.otherOptions.releaseNotes": "Sync: Veröffentlichungshinweise",
  "cmd.otherOptions.shareSetting": "Sync: Einstellungen als öffentlichen GIST freigeben",
  "cmd.otherOptions.shareSetting.beforeConfirm": "Sync: Hiermit entfernen Sie den aktuellen GIST, die Einstellungen werden in einem öffentlichen GIST gespeichert. Wollen Sie fortfahren?",
  "cmd.otherOptions.title": "Sync: Erweiterte Optionen",
  "cmd.otherOptions.toggleAutoDownload": "Sync: Umschalten des automatischen Herunterladens beim Start von VSCode",
  "cmd.otherOptions.toggleAutoDownload.off": "Sync: Automatisches Herunterladen AUSGESCHALTET.",
  "cmd.otherOptions.toggleAutoDownload.on": "Sync: Automatisches Herunterladen EINGESCHALTET.",
  "cmd.otherOptions.toggleAutoUpload": "Sync: Umschalten des automatischen Hochladens beim Ändern der Einstellungen",
  "cmd.otherOptions.toggleAutoUpload.off": "Sync: Automatischen Hochladen AUSGESCHALTET.",
  "cmd.otherOptions.toggleAutoUpload.on": "Sync: Automatischen Hochladen EINGESCHALTET.",
  "cmd.otherOptions.toggleForceDownload": "Sync: Umschalten des erzwungenen Herunterladen",
  "cmd.otherOptions.toggleForceDownload.off": "Sync: Herunterladen erzwingen DEAKTIVIERT",
  "cmd.otherOptions.toggleForceDownload.on": "Sync: Herunterladen erzwingen AKTIVIERT.",
  "cmd.otherOptions.toggleForceUpload": "Sync: Umschalten des erzwungenen Hochladen",
  "cmd.otherOptions.toggleForceUpload.off": "Sync: Hochladen erzwingen DEAKTIVIERT.",
  "cmd.otherOptions.toggleForceUpload.on": "Sync: Hochladen erzwingen AKTIVIERT.",
  "cmd.otherOptions.toggleSummaryPage": "Sync: Umschalten ob die Zusammenfassungsseite beim Hoch-/Herunterladen angezeigt werden soll.",
  "cmd.otherOptions.triggerReset": "Sync: Wollen Sie die Einstellungen wirklich zurücksetzen?",
  "cmd.otherOptions.warning.tokenNotRequire": "Sync: Sync-Einstellungen wird zukünftig nicht mehr nach Ihrem GitHub-Token fragen.",
  "cmd.resetSettings.info.resetting": "- Sync: Zurücksetzen Ihrer Einstellungen.",
  "cmd.resetSettings.info.settingClear": "Sync: Einstellungen wurden gelöscht.",
  "cmd.resetSettings.title": "Sync: Zurücksetzen der Sync-Einstellungen",
  "cmd.updateSettings.error.gistNotSave": "Sync: GIST WURDE NICHT GESPEICHERT",
  "cmd.updateSettings.error.newGistCreateFail": "Sync: Es konnte kein neuer GIST erstellt werden.",
  "cmd.updateSettings.error.readGistFail": "Sync: die GIST-ID: {0} kann NICHT GELESEN WERDEN.",
  "cmd.updateSettings.info.gotLatestVersion": "Sync: Sie haben bereits die neueste Version der gespeicherten Einstellungen hochgeladen.",
  "cmd.updateSettings.info.newGistCreated": "Sync: Es wurde ein neuer GIST erstellt.",
  "cmd.updateSettings.info.readding": "Sync: Lesen der Online Einstellungen und Erweiterungen.",
  "cmd.updateSettings.info.shareGist": "Sync: Teilen Sie die Id mit anderen Benutzern dieser Erweiterung, um Ihre Einstellungen mit diesen zu teilen.",
  "cmd.updateSettings.info.uploadCanceled": "Sync: Upload-Vorgang Abgebrochen.",
  "cmd.updateSettings.info.uploading": "Sync: Hochladen/Aktualisieren Ihrer Einstellungen auf GitHub.",
  "cmd.updateSettings.info.uploadingDone": "Sync: Übertragung Abgeschlossen. GIST-ID: {0}. Bitte kopieren Sie diese ID um die Einstellungen an einem anderen Gerät herunterladen zu können.",
  "cmd.updateSettings.info.uploadingFile": "Sync: Hochladen der Dateien.",
  "cmd.updateSettings.info.uploadingSuccess": "Sync: Erfolgreich hochgeladen.",
  "cmd.updateSettings.title": "Sync: Aktualisiere die Einstellungen",
  "cmd.updateSettings.warning.OSNotSupported": "Sync Pragma-OS-Wert {0} nicht unterstützt in Zeile {1}",
  "cmd.updateSettings.warning.noToken": "Sync: Bitte setzen Sie Ihren GitHub-Token in den Einstellungen oder deaktivieren Sie \"downloadPublicGist' in der lokalen Sync-Einstellungen-Datei.",
  "common.action.donate": "Spenden Sie jetzt",
  "common.action.joinCommunity": "Treten Sie der Community bei",
  "common.action.openExtPage": "Öffnen Sie die Seite der Erweiterung",
  "common.action.openExtTutorial": "Anleitung öffnen",
  "common.action.releaseNotes": "Versionshinweise",
  "common.action.support": "Unterstützen Sie dieses Projekt",
  "common.action.writeReview": "Schreiben Sie eine Bewertung",
  "common.button.no": "Nein",
  "common.button.yes": "Ja",
  "common.error.canNotSave": "Sync: Einstellungen konnten nicht gespeichert werden. Bitte stellen Sie sicher, dass Sie eine gültige settings.json haben.",
  "common.error.connection": "Sync: Es besteht keine Internetverbindung oder es konnte keine Verbindungen zu GitHub hergestellt werden. Der Fehler wurde in der Konsole protokolliert.",
  "common.error.gistNotSave": "Sync: GIST nicht gespeichert.",
  "common.error.invalidGistId": "Sync: Ungültige Gist-Id eingegeben. Überprüfen Sie Ihren GIST: https://gist.github.com/<your_userName>/<gist_id>.",
  "common.error.invalidToken": "Sync: Ungültiger/Abgelaufener GitHub-Token. Bitte generieren Sie einen neuen Token mit den Berechtigungen aus der readme-Datei. Der Fehler wurde in der Konsole protokolliert.",
  "common.error.message": "Sync: Fehler wurde in der Konsole protokolliert. Um die Konsole zu öffnen gehen Sie wie folgt vor (Menü Hilfe > Entwicklungstools umschalten).",
  "common.error.tokenNotSave": "Sync: Token wurde nicht gespeichert.",
  "common.info.donate": "Sync: Gefällt Ihnen diese Erweiterung? Wollen Sie eine Bewertung schreiben oder Spenden? ;)",
  "common.info.excludeFile": "Sync: Sie können Dateien oder Ordner in den Einstellungen für das Herunterladen auschließen.",
  "common.info.gistSaved": "Sync: Gist Gespeichert",
  "common.info.initAutoUpload": "Sync: Auto-Upload wird in {0} Sekunden eingeleitet.",
  "common.info.installed": "Sync: Einstellungen erstellt, vielen Dank für die Installation!",
  "common.info.needHelp": "Sync: Brauchen Sie Hilfe bei der Konfiguration dieser Erweiterung?",
  "common.info.setToken": "Sync: Jetzt können Sie Ihre GitHub-Token manuell in `syncLocalSettings.json` eintragen",
  "common.info.tokenSaved": "Sync: Token Gespeichert",
  "common.info.updateTo": "Synchronisieren: Aktualisiert auf v{0}",
  "common.info.updating": "Sync: Update Läuft... Bitte warten.",
  "common.placeholder.enterGistId": "Bitte geben Sie Gist-Id ein",
  "common.placeholder.enterGithubAccessToken": "Geben Sie Ihren persönlichen GitHub Zugangs-Token ein",
  "common.placeholder.multipleGist": "Gist-Name (z.B.: Persönliche Einstellungen)",
  "common.prompt.enterGistId": "Geben Sie die Gist-Id von zuvor hochgeladenen Einstellungen an. Sie können auch manuell im code Einstellungen (sync.gist). Drücken Sie [Enter] oder [Esc], um abzubrechen.",
  "common.prompt.enterGithubAccessToken": "Sie können den Token auch manuell hinzufügen (User-Ordner/syncLocalSettings.json). Drücken Sie [Enter] oder [Esc], um abzubrechen.",
  "common.prompt.gistForceUpload": "Sync: Der Upload ersetzt die Einstellungen in GitHub Gist. Erwägen Sie, die Einstellungen herunterzuladen oder einen erzwungenen Upload durchzuführen. Möchten Sie immer noch mit Nachdruck hochladen?",
  "common.prompt.gistNewer": "Sync: Die Einstellungen in Gist haben sich seit dem letzten Download geändert. Möchten Sie Ihre aktuellen lokalen Einstellungen trotzdem in das Gist hochladen?",
  "common.prompt.multipleGist": "Ermöglicht Ihnen die richtigen Einstellungen zu identifizieren, sollten mehrere vorhanden sein.",
  "common.prompt.restartCode": "Wollen Sie das Programm neustarten, um die neuen Einstellungen und Erweiterungen zu übernehmen?",
  "ext.config.autoDownload": "Lädt die Einstellungen beim Start von VSCode automatisch herunter",
  "ext.config.autoDownload.name": "Automatisch herunterladen",
  "ext.config.autoUpload": "Lädt die Einstellungen automatisch hoch, sobald sie geändert werden.",
  "ext.config.autoUpload.name": "Automatisch hochladen",
  "ext.config.forceDownload": "Lädt die Einstellungen auch dann herunter, wenn sie bereits aktuell sind.",
  "ext.config.forceDownload.name": "Herunterladen erzwingen",
  "ext.config.forceUpload": "Lädt die Einstellungen auch dann hoch, wenn sie im GIST bereits neuer sind.",
  "ext.config.forceUpload.name": "Hochladen erzwingen",
  "ext.config.gist": "GitHub GIST-ID für die Sync-Einstellungen.",
  "ext.config.gist.name": "Gist-ID",
  "ext.config.gist.placeholder": "Geben Sie Ihre GIST-ID ein",
  "ext.config.host": "Speichern Sie Ihre Einstellungen auf Ihrem GitHub Enterprise Host.",
  "ext.config.lastDownload": "Datum, an dem die Einstellungen das letzte Mal heruntergeladen wurden. Leeren Sie dieses Feld, um die Einstellungen manuell herunterzuladen.",
  "ext.config.lastUpload": "Datum, an dem die Einstellungen das letzte Mal hochgeladen wurden. Leeren Sie dieses Feld, um die Einstellungen manuell hochzuladen.",
  "ext.config.pathPrefix": "Geben Sie hier Ihren GitHub Enterprise API-Präfix ein, wenn Sie GHE verwenden möchten. In der Regel \"/api/v3\". Wird nur verwendet, wenn ein Host festgelegt wurde.",
  "ext.config.quietSync": "Zeigt das Ergebnis der Synchronisierung in der Statusleiste anstatt der Ausgabe an.",
  "ext.config.quietSync.name": "Hintergrund Synchronisation",
  "ext.config.removeExtensions": "Entfernt Erweiterungen, die in den heruntergeladenen Einstellungen nicht enthalten sind.",
  "ext.config.removeExtensions.name": "Entfernen von Erweiterungen beim Herunterladen",
  "ext.config.syncExtensions": "Deaktiviert die Synchronisation von Erweiterungen komplett",
  "ext.config.syncExtensions.name": "Erweiterungen synchronisieren",
  "ext.config.title": "Synchronisierung der VSCode Einstellungen",
  "ext.globalConfig.askGistDescription.name": "Fragen Gist Namen",
  "ext.globalConfig.autoUploadDelay.name": "Verzögerung für das automatische Hochladen",
  "ext.globalConfig.autoUploadDelay.placeholder": "Geben Sie die Anzahl der Sekunden für die Verzögerung ein",
  "ext.globalConfig.downloadPublicGist.name": "Herunterladen eines öffentlichen Gist",
  "ext.globalConfig.gistDescription.name": "GIST Beschreibung",
  "ext.globalConfig.gistDescription.placeholder": "Eingeben der GIST Beschreibung",
  "ext.globalConfig.githubEnterpriseUrl.name": "GitHub Enterprise-URL (optional)",
  "ext.globalConfig.githubEnterpriseUrl.placeholder": "Geben Sie Ihre GitHub Enterprise URL ein",
  "ext.globalConfig.hostName.name": "Hostname (optional)",
  "ext.globalConfig.hostName.placeholder": "Hostname eingeben",
  "ext.globalConfig.ignoreExtensions.name": "Ignorierte Erweiterungen",
  "ext.globalConfig.ignoreExtensions.placeholder": "Geben Sie eine Erweiterung pro Zeile ein (vollständiger Name)",
  "ext.globalConfig.ignoreUploadFiles.name": "Ignorierte Dateien",
  "ext.globalConfig.ignoreUploadFiles.placeholder": "Geben Sie einen Dateinamen pro Zeile ein",
  "ext.globalConfig.ignoreUploadFolders.name": "Ignorierte Ordner",
  "ext.globalConfig.ignoredUploadFolders.placeholder": "Geben Sie einen Ordner pro Zeile ein",
  "ext.globalConfig.openTokenLink.name": "Öffnen des Token Link",
  "ext.globalConfig.supportedFileExtensions.name": "Unterstützte Datei-Erweiterungen",
  "ext.globalConfig.supportedFileExtensions.placeholder": "Geben Sie eine Datei-Erweiterung pro Zeile an",
  "ext.globalConfig.token.name": "Zugriffs-Token",
  "ext.globalConfig.token.placeholder": "Geben Sie Ihren Token ein"
}