{
  "cmd.downloadSettings.error.removeExtFail": "Bazı uzantıları kaldırmak Mümkün Sync.",
  "cmd.downloadSettings.error.unableSave": "Uzantı ayarları dosyası kaydedilemedi çeviri:.",
  "cmd.downloadSettings.info.downloaded": "Çeviri: İndirme Tamamlandı.",
  "cmd.downloadSettings.info.gotLatestVersion": "Çeviri: önceden kaydedilmiş ayarları en son sürümü.",
  "cmd.downloadSettings.info.readdingOnline": "Çeviri: Okuma Ayarları Çevrimiçi.",
  "cmd.downloadSettings.title": "Çeviri: İndirme Ayarları",
  "cmd.howSetting.title": "Yapılandırma Sync: ",
  "cmd.otherOptions.customizedSync": "Sync: Sync Add Özel Dosya yolu",
  "cmd.otherOptions.customizedSync.done": "{0} çeviri: kayıtlı.",
  "cmd.otherOptions.customizedSync.placeholder": "Ek yüklenen dosyanın mutlak bir yol girin.",
  "cmd.otherOptions.customizedSync.prompt": "(ex. ///yolu.eslintrc) yüklenen ve belirtilen yol yüklenir.",
  "cmd.otherOptions.downloadCustomFile": "Çeviri: Al Özel Senkron çalışma alanı Dosyası ",
  "cmd.otherOptions.downloadCustomFile.done": "{0} indirilmiş.",
  "cmd.otherOptions.downloadCustomFile.placeholder": "Üzerinde çalıştığınız çalışma alanı köküne indirmek istediğiniz dosyayı seçin.",
  "cmd.otherOptions.downloadSetting": "Kamu ÖZÜ senkronizasyon: İndirme Ayarları ",
  "cmd.otherOptions.editLocalSetting": "Çeviri: Düzenleme Uzantısı Yerel Ayarları",
  "cmd.otherOptions.error.toggleFail": "Geçiş Yapılamıyor çeviri:.",
  "cmd.otherOptions.joinCommunity": "Çeviri: Katılmak Topluluk",
  "cmd.otherOptions.openIssue": "Sync: Açık Sorunu",
  "cmd.otherOptions.openSettingsPage": "Sync: Açık Ayarları",
  "cmd.otherOptions.preserve": "Geçersiz Durdurmak İçin Ayar İndirildikten Sonra Korumak Çeviri: ",
  "cmd.otherOptions.preserve.info.done1": "Çeviri: Bitti. {0} değerini ayarlar silinecektir.indirdikten sonra json.",
  "cmd.otherOptions.preserve.info.done2": "Çeviri: Bitti. Uzantısı {1} {0}: ortamda devam edecektir.indirdikten sonra json.",
  "cmd.otherOptions.preserve.placeholder": "Ayarlardan herhangi bir Tuşa basın.json korumak için.",
  "cmd.otherOptions.preserve.prompt": "Örnek: http Yazın.proxy' => deposu bu bilgisayara proxy ve bunun üzerine , eğer boş küme proxy kaldıracaktır.",
  "cmd.otherOptions.quietSync.off": "Çeviri: Özet download/upload üzerine gösterilecektir.",
  "cmd.otherOptions.quietSync.on": "Çeviri: Durum Çubuğu yükleme indirme üzerine güncellenecektir.",
  "cmd.otherOptions.releaseNotes": "Çeviri: Sürüm Notları",
  "cmd.otherOptions.shareSetting": "Kamu ÖZÜ ile senkronizasyon: Paylaşım Ayarları ",
  "cmd.otherOptions.shareSetting.beforeConfirm": "Sync: Bu yeni ortak KONUSUNU güncel KONUSUNU ve yükleme ayarları kaldıracaktır. Devam etmek istiyor musunuz?",
  "cmd.otherOptions.title": "Çeviri: Gelişmiş Seçenekler",
  "cmd.otherOptions.toggleAutoDownload": "Başlangıç Sync: Otomatik Aç / Kapat-Download ",
  "cmd.otherOptions.toggleAutoDownload.off": "Sync: Otomatik İndirme VSCode Başlangıçta KAPALI.",
  "cmd.otherOptions.toggleAutoDownload.on": "Sync: Otomatik İndirme VSCode Başlangıçta açık.",
  "cmd.otherOptions.toggleAutoUpload": "Ayarlar Senkronizasyon: Otomatik Aç / Kapat-Upload Değiştirin",
  "cmd.otherOptions.toggleAutoUpload.off": "Değiştirme Ayarı senkronizasyon: Otomatik Yükleme Kapalı.",
  "cmd.otherOptions.toggleAutoUpload.on": "Değiştirme Ayarı senkronizasyon: Otomatik Yükleme Açık. Bu yeniden başlatma sonra yürürlüğe girecek.",
  "cmd.otherOptions.toggleForceDownload": "Çeviri: Geçiş Güç İndir",
  "cmd.otherOptions.toggleForceDownload.off": "Çeviri: Force Download Kapalı.",
  "cmd.otherOptions.toggleForceDownload.on": "Çeviri: Force Download Açık.",
  "cmd.otherOptions.toggleForceUpload": "Çeviri: Geçiş Güç Yüklemek",
  "cmd.otherOptions.toggleForceUpload.off": "Çeviri: Force Upload Kapattı.",
  "cmd.otherOptions.toggleForceUpload.on": "Çeviri: Force Upload Açık.",
  "cmd.otherOptions.toggleSummaryPage": "Yükleme/İndirme Sync: * Toggle Özet Sayfası ",
  "cmd.otherOptions.triggerReset": "Çeviri: ayarları sıfırlamak istiyor Musunuz ?",
  "cmd.otherOptions.warning.tokenNotRequire": "Sync: Sync GitHub Ayarları Simge için artık sormayacağım.",
  "cmd.resetSettings.info.resetting": "Çeviri: Ayarlarınız Sıfırlanıyor.",
  "cmd.resetSettings.info.settingClear": "Çeviri: Ayarlar Temizlenir.",
  "cmd.resetSettings.title": "Çeviri: Sıfırlama Uzatma Ayarları",
  "cmd.updateSettings.error.gistNotSave": "Çeviri: ÖZÜ KAYITLI DEĞİL ",
  "cmd.updateSettings.error.newGistCreateFail": "Konusunu oluşturulamadı çeviri:.",
  "cmd.updateSettings.error.readGistFail": "OKUMAK İÇİN {0} MÜMKÜN çeviren: ESAS NUMARASI:.",
  "cmd.updateSettings.info.gotLatestVersion": "Çeviri: Kayıtlı ayarların en son sürümünü zaten yüklediniz.",
  "cmd.updateSettings.info.newGistCreated": "Oluşturulan Sync: Yeni fikri.",
  "cmd.updateSettings.info.readding": "Çeviri: Okuma Ayarları ve Uzantıları.",
  "cmd.updateSettings.info.shareGist": "Sync: diğer abone ile ayarları paylaşmak Kimliği Paylaşımı.",
  "cmd.updateSettings.info.uploadCanceled": "İptal Çeviren: Yükleme İşlemi.",
  "cmd.updateSettings.info.uploading": "Çeviri: Yükleme/GitHub Ayarlarını Güncelleme.",
  "cmd.updateSettings.info.uploadingDone": "Çeviri: Tam Karşıya. {0} KONUSUNU ID:. Lütfen kopyalayın ve ayarları indirmek için diğer makinelerde bu KİMLİĞİ kullanın.",
  "cmd.updateSettings.info.uploadingFile": "Senkron: Veri Dosyaları Yüklemek.",
  "cmd.updateSettings.info.uploadingSuccess": "Başarıyla Yüklendi Çeviri:.",
  "cmd.updateSettings.title": "Çeviri: Güncelleme/Yükleme Ayarları",
  "cmd.updateSettings.warning.OSNotSupported": "{0} Sync Pragma OS değeri {1}satırında desteklenmeyen ",
  "cmd.updateSettings.warning.noToken": "Yerel Senkronizasyon ayarları senkronizasyon: Set GitHub Token veya devre dışı bırak 'downloadPublicGist' dosyası.",
  "common.action.donate": "Şimdi Bağış ",
  "common.action.joinCommunity": "Topluluğuna Katılın ",
  "common.action.openExtPage": "Açık Uzatma Sayfa",
  "common.action.openExtTutorial": "Açık Öğretici",
  "common.action.releaseNotes": "Sürüm Notları",
  "common.action.support": "Destek Bu Proje",
  "common.action.writeReview": "Gözden Geçirme ",
  "common.button.no": "Hayır",
  "common.button.yes": "Evet",
  "common.error.canNotSave": "Ayarlar kaydedilemedi çeviri:. Geçerli JSON ayarları olduğundan emin olun lütfen.json dosyası. (örn: sondaki virgül)",
  "common.error.connection": "GitHub Bağlanmak için Bağlı ya da Yapamaz Sync: İnternet Değil. Özel durum Konsolunda Oturum ",
  "common.error.gistNotSave": "Kaydedilen Çeviri: Özü.",
  "common.error.invalidGistId": "Çeviri: Geçersiz Özü Kimliği Girdi. Özetle sizin: https://gist.github.com/<your_userName>/<gist_id>doğrulayın.",
  "common.error.invalidToken": "Çeviri: Geçersiz/GitHub Token Sona Erdi. Readme belirtilen kapsam ile yeni bir belirteç oluşturmak lütfen. Özel durum Konsolunda Oturum.",
  "common.error.message": "Çeviri: Hata (menü > Değiştir Geliştirici Araçları Yardım) Konsol giriş yapmış.",
  "common.error.tokenNotSave": "Kayıtlı Değil Token Sync.",
  "common.info.donate": "Çeviri: bu uzantı sever misiniz? Hakkında bir inceleme yazmak ya da bir bağış göndermek nasıl? ",
  "common.info.excludeFile": "Yükleme ve indirme için ayarları için herhangi bir dosya/klasör hariç tutabilirsiniz çeviri:.",
  "common.info.gistSaved": "Çeviri: Özü Kurtardı",
  "common.info.initAutoUpload": "{0} Saniye Başlatan Sync: Otomatik Yükleme.",
  "common.info.installed": "Oluşturulan çeviri: Ayarlar, yükleme için teşekkürler!",
  "common.info.needHelp": "Sync: bu uzantı yapılandırma konusunda Yardıma mı İhtiyacınız var?",
  "common.info.setToken": "Çeviri: Şimdi GitHub elle syncLocalSettings olarak `simge ayarlayabilirsiniz.json`",
  "common.info.tokenSaved": "Çeviri: Simge Kurtardı",
  "common.info.updateTo": "{0}v için Güncelleme Sync: ",
  "common.info.updating": "Çeviri: İlerleme Güncelleme... Lütfen Bekleyin.",
  "common.placeholder.enterGistId": "Konusunu Kimliği Girin ",
  "common.placeholder.enterGithubAccessToken": "Token GitHub Kişisel Erişim Girin ",
  "common.placeholder.multipleGist": "Esas Adı (örneğin: Kişisel Ayarlar)",
  "common.prompt.enterGistId": "Önceden yüklenmiş ayarları Konusunu Kimliğini girin. Ayrıca el ile kod ayarları (eşitleme ayarlayabilirsiniz.özü). Basın [Enter] veya [Esc] iptal etmek için.",
  "common.prompt.enterGithubAccessToken": "Ayrıca el/syncLocalSettings Klasör belirteci (bir Kullanıcı ekleyin.json). Basın [Enter] veya [Esc] iptal etmek için.",
  "common.prompt.gistForceUpload": "Çeviri: TYükleme GitHub Gist'teki ayarları değiştirecek. Ayarları indirmeyi veya zorunlu bir yükleme yapmayı düşünün. Hala zorla yüklemek istiyor musunuz?",
  "common.prompt.gistNewer": "Çeviri: Gist'teki ayarlar, en son indirdiğinizden bu yana değişti. Mevcut yerel ayarlarınızı yine de Gist’e yüklemek ister misiniz?",
  "common.prompt.multipleGist": "Birden çok fikri varsa ayarları belirlemenizi sağlar.",
  "common.prompt.restartCode": "Uzantıları ve yapılandırmaları uygulamak için yeniden yüklemek ister misiniz?",
  "ext.config.autoDownload": "Ayarlamak true Otomatik kod başlangıç ayarları İndirmek. [Kod Yeniden Başlatma Gerekli]",
  "ext.config.autoDownload.name": "Otomatik İndirme",
  "ext.config.autoUpload": "Doğru ayarları değiştir Yükleme Otomatik olarak ayarlayın. [Kod Yeniden Başlatma Gerekli]",
  "ext.config.autoUpload.name": "Otomatik Yükle",
  "ext.config.forceDownload": "Eğer en son ayarlar varsa bile ayarları indirmek istiyorsanız true olarak ayarlayın.",
  "ext.config.forceDownload.name": "Kuvvet İndir",
  "ext.config.forceUpload": "Eğer ÖZÜ yeni ayarları olsa bile ayarları yüklemek istiyorsanız true olarak ayarlayın.",
  "ext.config.forceUpload.name": "Güç Yükleme",
  "ext.config.gist": "Ayarları Eşitlemek için GitHub KONUSUNU KİMLİĞİ.",
  "ext.config.gist.name": "Konusunu KİMLİĞİ",
  "ext.config.gist.placeholder": "Konusunu KİMLİĞİ girin ",
  "ext.config.host": "Eğer GHE kullanmak istiyorsanız GitHub Enterprise ev sahibi olarak ayarlayın.",
  "ext.config.lastDownload": "Ayarları son indirme tarihi Sync. El ile karşıdan vurmak istiyorsan boş olarak ayarlayın.",
  "ext.config.lastUpload": "Ayarları son yükleme tarihi Sync. El ile karşıdan vurmak istiyorsan boş olarak ayarlayın.",
  "ext.config.pathPrefix": "Eğer GHE kullanmak istiyorsanız GitHub Enterprise API önek ayarlayın. Normalde '/api/v3. Ana ayarlandığında yalnızca kullanılır.",
  "ext.config.quietSync": "True olarak ayarlandığında, bunun yerine sayfa sayfa durum çubuğunda sonucu gösterir.",
  "ext.config.quietSync.name": "Sessiz Sync",
  "ext.config.removeExtensions": "Eğer indirirken uzantıları kaldırmak istemiyorsanız false olarak ayarlayın.",
  "ext.config.removeExtensions.name": "Uzantıları Kaldırmak ",
  "ext.config.syncExtensions": "Eğer/uzantıları karşıdan yüklemek istemiyorsan false olarak ayarlayın.",
  "ext.config.syncExtensions.name": "Sync Uzantıları",
  "ext.config.title": "Kod Ayarları Eşitleme Yapılandırma Ayarları",
  "ext.globalConfig.askGistDescription.name": "Özü Adını Sor ",
  "ext.globalConfig.autoUploadDelay.name": "Otomatik Yükleme Gecikme",
  "ext.globalConfig.autoUploadDelay.placeholder": "Otomatik gecikme için upload saniye miktarını girin",
  "ext.globalConfig.downloadPublicGist.name": "İndir Kamu Özü",
  "ext.globalConfig.gistDescription.name": "Özetle Açıklama",
  "ext.globalConfig.gistDescription.placeholder": "Özetle Açıklama Girin ",
  "ext.globalConfig.githubEnterpriseUrl.name": "(İsteğe bağlı)GitHub Enterprise URL ",
  "ext.globalConfig.githubEnterpriseUrl.placeholder": "GitHub Enterprise URL girin ",
  "ext.globalConfig.hostName.name": "Ana bilgisayar adı (isteğe bağlı)",
  "ext.globalConfig.hostName.placeholder": "Makine Adını Girin ",
  "ext.globalConfig.ignoreExtensions.name": "Göz Ardı Uzantıları",
  "ext.globalConfig.ignoreExtensions.placeholder": "(Tam adı)satır başına bir uzantısı girin ",
  "ext.globalConfig.ignoreUploadFiles.name": "Yoksayılan Dosyaları",
  "ext.globalConfig.ignoreUploadFiles.placeholder": "Satır başına bir dosya girin ",
  "ext.globalConfig.ignoreUploadFolders.name": "Göz Ardı Klasörler",
  "ext.globalConfig.ignoredUploadFolders.placeholder": "Satır başına bir klasör girin ",
  "ext.globalConfig.openTokenLink.name": "Açık Token Linki",
  "ext.globalConfig.supportedFileExtensions.name": "Desteklenen Dosya Uzantıları",
  "ext.globalConfig.supportedFileExtensions.placeholder": "Satır başına bir dosya uzantısı girin ",
  "ext.globalConfig.token.name": "Erişim Belirteci",
  "ext.globalConfig.token.placeholder": "Token Girin "
}