{
  "cmd.downloadSettings.error.removeExtFail": "Sync: Impossibile rimuovere alcune estensioni.",
  "cmd.downloadSettings.error.unableSave": "Sync: Impossibile salvare le impostazioni dell'estensione del file.",
  "cmd.downloadSettings.info.downloaded": "Sync: Scarica Completo.",
  "cmd.downloadSettings.info.gotLatestVersion": "Sync: Hai già l'ultima versione di impostazioni salvate.",
  "cmd.downloadSettings.info.readdingOnline": "Sync: Impostazioni Di Lettura On-Line.",
  "cmd.downloadSettings.title": "Sync: Impostazioni Di Download",
  "cmd.howSetting.title": "Sync: Come Configurare",
  "cmd.otherOptions.customizedSync": "Sync: Aggiungere Sincronizzazione Personalizzata percorso del File",
  "cmd.otherOptions.customizedSync.done": "Sync: {0} è stato registrato.",
  "cmd.otherOptions.customizedSync.placeholder": "Immettere un percorso assoluto di ulteriori file caricato.",
  "cmd.otherOptions.customizedSync.prompt": "(ex. /path/to/.eslintrc) saranno caricati e scaricati il percorso specificato.",
  "cmd.otherOptions.downloadCustomFile": "Sync: Importazione di Sincronizzazione Personalizzata File di area di lavoro",
  "cmd.otherOptions.downloadCustomFile.done": "Scaricato {0}.",
  "cmd.otherOptions.downloadCustomFile.placeholder": "Selezionare il file che si desidera scaricare per il root del lavoro che si sta lavorando.",
  "cmd.otherOptions.downloadSetting": "Sync: Impostazioni di Download dal Pubblico GIST",
  "cmd.otherOptions.editLocalSetting": "Sync: Modificare L'Estensione Impostazioni Locali",
  "cmd.otherOptions.error.toggleFail": "Sync: Impossibile Passare.",
  "cmd.otherOptions.joinCommunity": "Sync: Unisciti Alla Community",
  "cmd.otherOptions.openIssue": "Sync: Questione Aperta",
  "cmd.otherOptions.openSettingsPage": "Sync: Aprire Impostazioni",
  "cmd.otherOptions.preserve": "Sync: Conservare L'Impostazione Di Smettere Di Ignorare Dopo Il Download",
  "cmd.otherOptions.preserve.info.done1": "Sync: Fatto. {0} valore sarà rimosso da impostazioni.json dopo il download.",
  "cmd.otherOptions.preserve.info.done2": "Sync: Fatto. Estensione terrà {0}: {1} in impostazione.json dopo il download.",
  "cmd.otherOptions.preserve.placeholder": "Inserisci il Tasto delle impostazioni.json per preservare.",
  "cmd.otherOptions.preserve.prompt": "Esempio: Scrivere 'http.proxy' => archivio di questo computer proxy e sovrascrivere il file , se è impostato il vuoto sarà rimuovere il proxy.",
  "cmd.otherOptions.quietSync.off": "Sync: Riepilogo verrà mostrato al momento del download/upload.",
  "cmd.otherOptions.quietSync.on": "Sync: barra di Stato verrà aggiornato durante il download/upload.",
  "cmd.otherOptions.releaseNotes": "Sync: Note Di Rilascio",
  "cmd.otherOptions.shareSetting": "Sync: Impostazioni di Condivisione con il Pubblico GIST",
  "cmd.otherOptions.shareSetting.beforeConfirm": "Sync: Questo consente di rimuovere corrente GIST e caricare le impostazioni sul nuovo pubblico GIST. Vuoi continuare?",
  "cmd.otherOptions.title": "Sync: Opzioni Avanzate",
  "cmd.otherOptions.toggleAutoDownload": "Sync: Per Attivare / Disattivare Il Download Automatico All'Avvio",
  "cmd.otherOptions.toggleAutoDownload.off": "Sync: Download Automatico DISATTIVATA su VSCode di Avvio.",
  "cmd.otherOptions.toggleAutoDownload.on": "Sync: Download Automatico acceso su VSCode di Avvio.",
  "cmd.otherOptions.toggleAutoUpload": "Sync: Attivare E Disattivare Auto-Caricare Sulla Modifica Delle Impostazioni Di",
  "cmd.otherOptions.toggleAutoUpload.off": "Sync: upload Automatico su di Cambiare l'Impostazione Disattivata.",
  "cmd.otherOptions.toggleAutoUpload.on": "Sync: upload Automatico su di Cambiare l'Impostazione attivata. Questo avrà effetto dopo il riavvio.",
  "cmd.otherOptions.toggleForceDownload": "Sync: Attiva / Disattiva La Forza Scaricare",
  "cmd.otherOptions.toggleForceDownload.off": "Sync: Forza Scaricare Spento.",
  "cmd.otherOptions.toggleForceDownload.on": "Sync: Forza Scaricare Acceso.",
  "cmd.otherOptions.toggleForceUpload": "Sync: Attiva / Disattiva La Forza Di Upload",
  "cmd.otherOptions.toggleForceUpload.off": "Sync: Forza Caricare Spento.",
  "cmd.otherOptions.toggleForceUpload.on": "Sync: Forza Caricare Acceso.",
  "cmd.otherOptions.toggleSummaryPage": "Sync: Attiva / Disattiva La Mostra Pagina Di Riepilogo Su Upload/Download",
  "cmd.otherOptions.triggerReset": "Sync: si desidera ripristinare le impostazioni ?",
  "cmd.otherOptions.warning.tokenNotRequire": "Sync: Impostazioni di Sincronizzazione non chiedere GitHub Token da ora in poi.",
  "cmd.resetSettings.info.resetting": "Sync: Il Ripristino Delle Impostazioni.",
  "cmd.resetSettings.info.settingClear": "Sync: Impostazioni Cancellato.",
  "cmd.resetSettings.title": "Sync: Ripristina Le Impostazioni Di Estensione",
  "cmd.updateSettings.error.gistNotSave": "Sync: GIST NON SALVATI",
  "cmd.updateSettings.error.newGistCreateFail": "Sync: Impossibile creare il Gist.",
  "cmd.updateSettings.error.readGistFail": "Sync: GIST ID: {0} non RIESCE A LEGGERE.",
  "cmd.updateSettings.info.gotLatestVersion": "Sync: Hai già caricato l'ultima versione delle impostazioni salvate.",
  "cmd.updateSettings.info.newGistCreated": "Sync: Nuovo gist creato.",
  "cmd.updateSettings.info.readding": "Sync: Impostazioni di Lettura e le Estensioni.",
  "cmd.updateSettings.info.shareGist": "Sync: Condividere l'Id con altra estensione agli utenti di condividere le impostazioni.",
  "cmd.updateSettings.info.uploadCanceled": "Sync: Il Processo Di Caricamento Annullato.",
  "cmd.updateSettings.info.uploading": "Sync: Caricamento/Aggiornamento Le Impostazioni In GitHub.",
  "cmd.updateSettings.info.uploadingDone": "Sync: Completamento Del Caricamento. GIST ID: {0}. Si prega di copiare e utilizzare l'ID in altre macchine per scaricare le impostazioni.",
  "cmd.updateSettings.info.uploadingFile": "Sincronizzare Il Caricamento Di File Di Dati.",
  "cmd.updateSettings.info.uploadingSuccess": "Sync: Caricato Con Successo.",
  "cmd.updateSettings.title": "Sync: Aggiornamento/Carica Impostazioni",
  "cmd.updateSettings.warning.OSNotSupported": "Sync Pragma OS valore di {0} non è supportato in linea di {1}",
  "cmd.updateSettings.warning.noToken": "Sync: Set di GitHub Token o disabilita 'downloadPublicGist' locali le impostazioni di Sincronizzazione di file.",
  "common.action.donate": "Dona Ora",
  "common.action.joinCommunity": "Partecipare Comunità",
  "common.action.openExtPage": "Aprire La Pagina Estensione",
  "common.action.openExtTutorial": "Aprire Tutorial",
  "common.action.releaseNotes": "Note Di Rilascio",
  "common.action.support": "Sostenere Questo Progetto",
  "common.action.writeReview": "Scrivi La Recensione",
  "common.button.no": "No",
  "common.button.yes": "Sì",
  "common.error.canNotSave": "Sync: Impossibile Salvare le Impostazioni. Si prega di assicurarsi di avere una valida JSON impostazioni.file json. (ad esempio: assenza di virgole finali)",
  "common.error.connection": "Sync: Internet Non è Collegato o non è in Grado di Connettersi a GitHub. Eccezione Registrato in Console",
  "common.error.gistNotSave": "Sync: Gist Non Salvati.",
  "common.error.invalidGistId": "Sync: Invalid Gist Id Inserito. Verificare il succo: https://gist.github.com/<nome_utente>/<gist_id>.",
  "common.error.invalidToken": "Sync: Non Valido O Scaduto GitHub Token. Si prega di generare nuovo token con gli ambiti menzionati nel readme. Eccezione Registrato in Console.",
  "common.error.message": "Sync: Errore Registrato In Console (menu Aiuto > Toggle Strumenti di sviluppo).",
  "common.error.tokenNotSave": "Sync: Token Non Salvati.",
  "common.info.donate": "Sync: ti piace questa estensione? Come circa la scrittura di una recensione o di invio di una donazione? ",
  "common.info.excludeFile": "Sync: Si può escludere ogni file/cartella per l'upload e impostazioni per il download.",
  "common.info.gistSaved": "Sync: Gist Salvato",
  "common.info.initAutoUpload": "Sync: Upload Automatico Di Iniziare A {0} Secondi.",
  "common.info.installed": "Sync: le Impostazioni create, la ringrazio per l'installazione!",
  "common.info.needHelp": "Sync: Bisogno di Aiuto per configurare questa estensione?",
  "common.info.setToken": "Sync: Ora È possibile impostare il GitHub token manualmente nel `syncLocalSettings.json`",
  "common.info.tokenSaved": "Sync: Token Salvato",
  "common.info.updateTo": "Sync: Aggiornato alla v{0}",
  "common.info.updating": "Sync: Aggiornamento In Corso... Attendere Prego.",
  "common.placeholder.enterGistId": "Inserisci Il Gist Id",
  "common.placeholder.enterGithubAccessToken": "Inserire GitHub Personali Token Di Accesso",
  "common.placeholder.multipleGist": "Gist Nome (ad esempio: Impostazioni Personali)",
  "common.prompt.enterGistId": "Inserisci il Gist Id precedentemente caricato le impostazioni. È anche possibile impostare manualmente le impostazioni del codice (sync.gist). Premere il tasto [Enter] o il tasto [Esc] per annullare.",
  "common.prompt.enterGithubAccessToken": "Puoi anche aggiungere manualmente un token (Cartella Utente/syncLocalSettings.json). Premere il tasto [Enter] o il tasto [Esc] per annullare.",
  "common.prompt.gistForceUpload": "Sync: Il caricamento sostituirà le impostazioni in GitHub Gist. Valuta di scaricare le impostazioni o eseguire un caricamento forzato. Vuoi ancora caricare forzatamente?",
  "common.prompt.gistNewer": "Sync: Le impostazioni in Gist sono cambiate dall'ultima volta che le hai scaricate. Vuoi caricare comunque le tue impostazioni locali attuali su Gist?",
  "common.prompt.multipleGist": "Consente di identificare le impostazioni, se si dispone di più gist.",
  "common.prompt.restartCode": "Vuoi ricaricare per applicare le estensioni e le configurazioni?",
  "ext.config.autoDownload": "Il Set e ' vero per il Download Automatico le impostazioni del codice di avvio. [Codice Di Riavvio Richiesto]",
  "ext.config.autoDownload.name": "Il Download Automatico",
  "ext.config.autoUpload": "Impostare la verità Upload Automatico su modifica impostazioni. [Codice Di Riavvio Richiesto]",
  "ext.config.autoUpload.name": "Upload Automatico",
  "ext.config.forceDownload": "Impostare a true se si desidera scaricare le impostazioni anche quando si hanno le ultime impostazioni.",
  "ext.config.forceDownload.name": "Forza Scaricare",
  "ext.config.forceUpload": "Impostare a true se si desidera caricare le impostazioni anche quando il GIST impostazioni più recenti.",
  "ext.config.forceUpload.name": "Forza Caricare",
  "ext.config.gist": "GitHub GIST ID Impostazioni di Sincronizzazione.",
  "ext.config.gist.name": "Gist ID",
  "ext.config.gist.placeholder": "Inserisci il Gist ID",
  "ext.config.host": "Impostare la GitHub Enterprise host se si desidera utilizzare GHE.",
  "ext.config.lastDownload": "Impostazioni di Sincronizzazione di download ultima data. Impostare come vuoto se si desidera configurare manualmente colpito il download.",
  "ext.config.lastUpload": "Impostazioni di Sincronizzazione ultima data di caricamento. Impostare come vuoto se si desidera configurare manualmente colpito il download.",
  "ext.config.pathPrefix": "Impostare la GitHub Enterprise API prefisso, se si desidera utilizzare GHE. Normalmente '/api/v3'. Utilizzato solo quando l'host è impostato.",
  "ext.config.quietSync": "Quando è impostato su true, verrà visualizzato il risultato nella barra di stato, invece della pagina di riepilogo.",
  "ext.config.quietSync.name": "Tranquilla Sync",
  "ext.config.removeExtensions": "Impostare a false se non si desidera rimuovere le estensioni durante il download.",
  "ext.config.removeExtensions.name": "Rimuovere Le Estensioni",
  "ext.config.syncExtensions": "Impostare a false se non si desidera caricare/scaricare le estensioni.",
  "ext.config.syncExtensions.name": "Sincronizzazione Delle Estensioni",
  "ext.config.title": "Codice Impostazioni Impostazioni Di Configurazione Di Sincronizzazione",
  "ext.globalConfig.askGistDescription.name": "Chiedi Gist Nome",
  "ext.globalConfig.autoUploadDelay.name": "Upload Automatico Di Ritardo",
  "ext.globalConfig.autoUploadDelay.placeholder": "Immettere il numero di secondi di ritardo di auto-upload",
  "ext.globalConfig.downloadPublicGist.name": "Scarica Pubblico Gist",
  "ext.globalConfig.gistDescription.name": "Gist Descrizione",
  "ext.globalConfig.gistDescription.placeholder": "Inserisci Il Gist Descrizione",
  "ext.globalConfig.githubEnterpriseUrl.name": "GitHub Enterprise URL (opzionale)",
  "ext.globalConfig.githubEnterpriseUrl.placeholder": "Inserire GitHub Enterprise URL",
  "ext.globalConfig.hostName.name": "Hostname (opzionale)",
  "ext.globalConfig.hostName.placeholder": "Immettere Il Nome Dell'Host",
  "ext.globalConfig.ignoreExtensions.name": "Ignorato Estensioni",
  "ext.globalConfig.ignoreExtensions.placeholder": "Inserire un'estensione per linea (cognome e nome)",
  "ext.globalConfig.ignoreUploadFiles.name": "File Ignorati",
  "ext.globalConfig.ignoreUploadFiles.placeholder": "Inserire un file per riga",
  "ext.globalConfig.ignoreUploadFolders.name": "Ignorate Le Cartelle",
  "ext.globalConfig.ignoredUploadFolders.placeholder": "Inserire una cartella per ogni linea",
  "ext.globalConfig.openTokenLink.name": "Aprire Token Link",
  "ext.globalConfig.supportedFileExtensions.name": "Estensioni Di File Supportati",
  "ext.globalConfig.supportedFileExtensions.placeholder": "Inserire un file di estensione per linea",
  "ext.globalConfig.token.name": "Token Di Accesso",
  "ext.globalConfig.token.placeholder": "Inserisci Il Token"
}