{
  "cmd.downloadSettings.error.removeExtFail": "Fordította: Képes eltávolítani bizonyos fájlokat.",
  "cmd.downloadSettings.error.unableSave": "Fordította: Nem lehet menteni kiterjesztését a beállítások, a fájl.",
  "cmd.downloadSettings.info.downloaded": "Fordította: Letöltés Teljes.",
  "cmd.downloadSettings.info.gotLatestVersion": "Fordította: már a legújabb verzió a mentett beállítások.",
  "cmd.downloadSettings.info.readdingOnline": "Fordította: Olvasási Beállítások Online.",
  "cmd.downloadSettings.title": "Fordította: Letöltési Beállítások",
  "cmd.howSetting.title": "Fordította: Hogyan Kell Beállítani",
  "cmd.otherOptions.customizedSync": "Fordította: Add Egyéni Fordította: Fájl elérési útját",
  "cmd.otherOptions.customizedSync.done": "Fordította: {0} regisztrálták.",
  "cmd.otherOptions.customizedSync.placeholder": "Adjon meg egy abszolút elérési útvonalát, előfordulhat, hogy a feltöltött fájl.",
  "cmd.otherOptions.customizedSync.prompt": "(ex. /path/to/.eslintrc) feltöltésre kerül, illetve a letöltött fájl a megadott elérési utat.",
  "cmd.otherOptions.downloadCustomFile": "Fordította: Import Egyéni Fordította: Fájlt munkaterület",
  "cmd.otherOptions.downloadCustomFile.done": "A letöltött {0}.",
  "cmd.otherOptions.downloadCustomFile.placeholder": "Válassza ki a kívánt fájlt kell letölteni, hogy a gyökér a munkaterület, amelyen dolgozik.",
  "cmd.otherOptions.downloadSetting": "Fordította: Letöltési Beállítások a Nyilvános GIST",
  "cmd.otherOptions.editLocalSetting": "Fordította: Edit Kiterjesztését Helyi Beállítások",
  "cmd.otherOptions.error.toggleFail": "Fordította: Nem Kapcsoló.",
  "cmd.otherOptions.joinCommunity": "Fordította: Csatlakozzon Közösségi",
  "cmd.otherOptions.openIssue": "Fordította: Nyitott Kérdés",
  "cmd.otherOptions.openSettingsPage": "Fordította: Nyissa Meg A Beállításokat",
  "cmd.otherOptions.preserve": "Fordította: Megőrizni A Beállítást, Hogy Ne Felülbírálja Letöltés Után",
  "cmd.otherOptions.preserve.info.done1": "Fordította: Kész. {0} érték el lesz távolítva a beállítások.json letöltése után.",
  "cmd.otherOptions.preserve.info.done2": "Fordította: Kész. Kiterjesztését fogja {0}: {1} a beállítást.json letöltése után.",
  "cmd.otherOptions.preserve.placeholder": "Adja meg bármelyik Gombot, a beállítások.json megőrizni.",
  "cmd.otherOptions.preserve.prompt": "Példa: Írd http.proxy' => tárolja a számítógép proxy, illetve felülírása , ha meghatározott üres, akkor távolítsa el a proxy.",
  "cmd.otherOptions.quietSync.off": "Fordította: Összefoglaló jelenik meg, amikor letöltés/feltöltés.",
  "cmd.otherOptions.quietSync.on": "Fordította: állapotsor után fogjuk frissíteni letöltés/feltöltés.",
  "cmd.otherOptions.releaseNotes": "Fordította: Kiadási Megjegyzések",
  "cmd.otherOptions.shareSetting": "Fordította: Share Beállítások a Nyilvános GIST",
  "cmd.otherOptions.shareSetting.beforeConfirm": "Fordította: Ez eltávolítja az aktuális GIST-ben, illetve feltöltési beállítások az új állami LÉNYEGET. Akarod, hogy folytassam?",
  "cmd.otherOptions.title": "Fordította: Speciális Beállítások",
  "cmd.otherOptions.toggleAutoDownload": "Fordította: Kapcsoló Automatikus Letöltés Bekapcsoláskor",
  "cmd.otherOptions.toggleAutoDownload.off": "Fordította: Automatikus Letöltés KI van kapcsolva után VSCode Indítási.",
  "cmd.otherOptions.toggleAutoDownload.on": "Fordította: Automatikus Letöltés bekapcsolása után VSCode Indítási.",
  "cmd.otherOptions.toggleAutoUpload": "Fordította: Kapcsoló Automatikus Feltöltés A Beállítások Módosítása",
  "cmd.otherOptions.toggleAutoUpload.off": "Fordította: Automatikus feltöltés Beállítás Módosítása Kapcsolva.",
  "cmd.otherOptions.toggleAutoUpload.on": "Fordította: Automatikus feltöltés Beállítás Módosítása Kapcsolva. Ez akkor lép érvénybe, amikor az újraindítás.",
  "cmd.otherOptions.toggleForceDownload": "Fordította: Kapcsoló Erő Letöltés",
  "cmd.otherOptions.toggleForceDownload.off": "Fordította: Erő Letöltés Ki Van Kapcsolva.",
  "cmd.otherOptions.toggleForceDownload.on": "Fordította: Erő Letöltés Kapcsolva.",
  "cmd.otherOptions.toggleForceUpload": "Fordította: Kapcsoló Erő Feltöltés",
  "cmd.otherOptions.toggleForceUpload.off": "Fordította: Erő Feltöltés Ki Van Kapcsolva.",
  "cmd.otherOptions.toggleForceUpload.on": "Fordította: Erő Feltöltés Kapcsolva.",
  "cmd.otherOptions.toggleSummaryPage": "Fordította: Kapcsoló Show-Gyűjtő Oldal Feltöltés/Letöltés",
  "cmd.otherOptions.triggerReset": "Fordította: akarod, hogy állítsa vissza a beállításokat ?",
  "cmd.otherOptions.warning.tokenNotRequire": "Fordította: Beállítások a Szinkronizálás nem fogja megkérdezni a GitHub Token mostantól.",
  "cmd.resetSettings.info.resetting": "Fordította: Újraindítani A Beállításokat.",
  "cmd.resetSettings.info.settingClear": "Fordította: Beállítások Törölve.",
  "cmd.resetSettings.title": "Fordította: Hosszabbító Beállítások Visszaállítása",
  "cmd.updateSettings.error.gistNotSave": "Fordította: LÉNYEGET NEM MENTETT",
  "cmd.updateSettings.error.newGistCreateFail": "Fordította: Nem sikerült létrehozni Lényeget.",
  "cmd.updateSettings.error.readGistFail": "Fordította: LÉNYEGET ID: {0} NEM OLVASTAM.",
  "cmd.updateSettings.info.gotLatestVersion": "Fordította: Már feltöltötte a mentett beállítások legújabb verzióját.",
  "cmd.updateSettings.info.newGistCreated": "Fordította: Új lényeget létre.",
  "cmd.updateSettings.info.readding": "Fordította: Olvasási Beállítások, majd a Fájlokat.",
  "cmd.updateSettings.info.shareGist": "Fordította: oszd meg az Id más kiterjesztését a felhasználók számára, hogy megosszák a beállításokat.",
  "cmd.updateSettings.info.uploadCanceled": "Fordította: Feltöltési Folyamat Elmarad.",
  "cmd.updateSettings.info.uploading": "Fordította: Feltöltés/Frissítése A Beállításokat A GitHub.",
  "cmd.updateSettings.info.uploadingDone": "Fordította: Feltöltés Befejeződött. GIST-ID: {0}. Kérem másolja használja ID más gépek beállítások letöltése.",
  "cmd.updateSettings.info.uploadingFile": "Fordította: Fájlok Feltöltése Adatokkal.",
  "cmd.updateSettings.info.uploadingSuccess": "Fordította: Feltöltött Sikeresen.",
  "cmd.updateSettings.title": "Fordította: Frissítés/Feltöltési Beállítások",
  "cmd.updateSettings.warning.OSNotSupported": "Fordította: Pragma OS érték a {0} nem támogatott a sor {1}",
  "cmd.updateSettings.warning.noToken": "Fordította: Állítsa be a GitHub Token vagy letiltása 'downloadPublicGist a helyi Szinkronizálási beállítások fájlt.",
  "common.action.donate": "Adományozni Most",
  "common.action.joinCommunity": "Csatlakozzon Közösségi",
  "common.action.openExtPage": "Nyitva Kiterjesztését Oldal",
  "common.action.openExtTutorial": "Nyílt Bemutató",
  "common.action.releaseNotes": "Kiadási Megjegyzések",
  "common.action.support": "Támogatja Ezt A Projektet",
  "common.action.writeReview": "Írd Felülvizsgálat",
  "common.button.no": "Nem",
  "common.button.yes": "Igen",
  "common.error.canNotSave": "Fordította: Nem lehet Menteni a Beállításokat. Kérjük, győződjön meg arról, hogy érvényes JSON beállítások.json fájlt. (például: Nem záró vesszőt)",
  "common.error.connection": "Fordította: Internet Nincs Csatlakoztatva, vagy Nem tud Csatlakozni a GitHub. Kivétel Bejelentkezett Konzol",
  "common.error.gistNotSave": "Fordította: Lényeget Nem Mentette Meg.",
  "common.error.invalidGistId": "Fordította: Érvénytelen Lényeget Id Lépett. Ellenőrizze a lényeget: https://gist.github.com/<your_userName>/<gist_id>.",
  "common.error.invalidToken": "Fordította: Érvénytelen, Lejárt/GitHub Token. Kérjük, ezáltal új token a hatókörök említette a readme-t. Kivétel Bejelentkezett Konzol.",
  "common.error.message": "Fordította: Hiba Naplózásra Konzol (Súgó menü > Kapcsoló Fejlesztő Eszközök).",
  "common.error.tokenNotSave": "Fordította: Token Nem Mentette Meg.",
  "common.info.donate": "Fordította: tetszik ez a kiterjesztés? Hogy az írásban felülvizsgálatot, vagy küld egy adomány? ",
  "common.info.excludeFile": "Fordította: kizárhat bármely fájl/mappa a feltöltés, illetve a beállítások letöltéséhez.",
  "common.info.gistSaved": "Fordította: Lényeget Elmentett",
  "common.info.initAutoUpload": "Fordította: Automatikus Feltöltés Kezdeményező A {0} Másodperc.",
  "common.info.installed": "Fordította: Beállítások létre, köszönöm, telepítése!",
  "common.info.needHelp": "Fordította: Segítség konfigurálása ez a kiterjesztés?",
  "common.info.setToken": "Fordította: Most beállíthatjuk, Hogy a GitHub token kézzel a `syncLocalSettings.json`",
  "common.info.tokenSaved": "Fordította: Token Elmentett",
  "common.info.updateTo": "Fordította: Frissített v{0}",
  "common.info.updating": "Fordította: Frissítése Folyamatban Kérem Várjon.",
  "common.placeholder.enterGistId": "Adja Meg Lényeget Id",
  "common.placeholder.enterGithubAccessToken": "Írja Be A GitHub Személyes Access Token",
  "common.placeholder.multipleGist": "Lényeg a Neve (például: Személyes Beállítások)",
  "common.prompt.enterGistId": "Adja meg Lényeget Id a korábban feltöltött beállítások. Azt is beállíthatja kézzel a kódot a beállítások (fordította.gist). Nyomja meg az [Enter] vagy az [Esc] lemondani.",
  "common.prompt.enterGithubAccessToken": "Te kézzel is hozzáadhat egy token (Felhasználói Mappa/syncLocalSettings.json). Nyomja meg az [Enter] vagy az [Esc] lemondani.",
  "common.prompt.gistForceUpload": "Fordította: A feltöltés felváltja a GitHub Gist beállításait. Fontolja meg a beállítások letöltését vagy egy kényszerű feltöltést. Még mindig erőteljesen szeretne feltölteni?",
  "common.prompt.gistNewer": "Fordította: A Gist beállításai megváltoztak az utóbbi letöltés óta. Egyébként feltölti a jelenlegi helyi beállításait a Gistbe?",
  "common.prompt.multipleGist": "Lehetővé teszi, hogy azonosítsa a beállítások ha több lényeget.",
  "common.prompt.restartCode": "Akarod, hogy újra alkalmazni fájlokat, konfigurációk?",
  "ext.config.autoDownload": "Állítsa igaz, hogy az Automatikus Letöltés beállításai kód kezdeni. [Kód Újraindítás Szükséges]",
  "ext.config.autoDownload.name": "Automatikus Letöltés",
  "ext.config.autoUpload": "Állítsa igaz, hogy az Automatikus Feltöltés a beállítások módosítása. [Kód Újraindítás Szükséges]",
  "ext.config.autoUpload.name": "Automatikus Feltöltés",
  "ext.config.forceDownload": "Állítsa be, hogy igaz, ha szeretné letölteni a beállítások akkor is, ha a legújabb beállítások.",
  "ext.config.forceDownload.name": "Erő Letöltés",
  "ext.config.forceUpload": "Állítsa be, hogy igaz, ha a feltölteni kívánt a beállítások akkor is, ha a LÉNYEGET újabb beállításokat.",
  "ext.config.forceUpload.name": "Erő Feltöltés",
  "ext.config.gist": "A GitHub LÉNYEGET ID a Beállítások Szinkronizálása.",
  "ext.config.gist.name": "Lényeg ID",
  "ext.config.gist.placeholder": "Adja meg Lényeget ID",
  "ext.config.host": "Állítsa be, hogy a GitHub Enterprise fogadó, ha használni szeretnénk, GHE.",
  "ext.config.lastDownload": "Beállítások a Szinkronizálás utolsó letöltés dátuma. Állítsa be, mint üres, ha kézzel szeretné hit le.",
  "ext.config.lastUpload": "Beállítások a Szinkronizálás utolsó feltöltés időpontja. Állítsa be, mint üres, ha kézzel szeretné hit le.",
  "ext.config.pathPrefix": "Állítsa be, hogy a GitHub Enterprise API előtag, ha használni szeretnénk, GHE. Általában '/api/v3'. Csak akkor kell használni, ha az állomás épülete.",
  "ext.config.quietSync": "Ha értéke true, akkor megmutatja az eredményt az állapotsoron, ahelyett, gyűjtő oldal.",
  "ext.config.quietSync.name": "Csendes Fordította:",
  "ext.config.removeExtensions": "Állítsa be, hogy hamis, ha nem szeretné, hogy távolítsa el a kiterjesztések letöltése közben.",
  "ext.config.removeExtensions.name": "Távolítsa El A Fájlokat",
  "ext.config.syncExtensions": "Állítsa be, hogy hamis, ha nem akarod, hogy a feltöltés/letöltés a fájlokat.",
  "ext.config.syncExtensions.name": "Fordította: Z",
  "ext.config.title": "Kód Beállítások A Szinkronizálás Konfigurációs Beállítások",
  "ext.globalConfig.askGistDescription.name": "Kérdezd Meg Lényeget Név",
  "ext.globalConfig.autoUploadDelay.name": "Automatikus Feltöltés Késedelem",
  "ext.globalConfig.autoUploadDelay.placeholder": "Adja meg az összeget másodperc késleltetés az automatikus feltöltés",
  "ext.globalConfig.downloadPublicGist.name": "Letöltés Nyilvános Gist",
  "ext.globalConfig.gistDescription.name": "Lényeg Leírás",
  "ext.globalConfig.gistDescription.placeholder": "Adja Meg Lényeget Leírás",
  "ext.globalConfig.githubEnterpriseUrl.name": "A GitHub Enterprise URL (opcionális)",
  "ext.globalConfig.githubEnterpriseUrl.placeholder": "Írja be a GitHub Enterprise URL",
  "ext.globalConfig.hostName.name": "Hálózati név (nem kötelező)",
  "ext.globalConfig.hostName.placeholder": "Adja Meg Hostname",
  "ext.globalConfig.ignoreExtensions.name": "Figyelmen Kívül Fájlokat",
  "ext.globalConfig.ignoreExtensions.placeholder": "Adjon meg egy kiterjesztés soronként (teljes név)",
  "ext.globalConfig.ignoreUploadFiles.placeholder": "Adjon meg egy fájl soronként",
  "ext.globalConfig.ignoreUploadFolders.name": "Figyelmen Kívül Mappák",
  "ext.globalConfig.ignoredUploadFolders.placeholder": "Adjon meg egy mappát, soronként",
  "ext.globalConfig.openTokenLink.name": "Nyitva Token Link",
  "ext.globalConfig.supportedFileExtensions.name": "Támogatott Fájl Kiterjesztések",
  "ext.globalConfig.supportedFileExtensions.placeholder": "Adja meg a fájl kiterjesztését soronként",
  "ext.globalConfig.token.name": "Access Token",
  "ext.globalConfig.token.placeholder": "Adja Meg Token"
}