{
  "cmd.downloadSettings.error.removeExtFail": "Sync: 不能移除一些扩展",
  "cmd.downloadSettings.error.unableSave": "Sync: 无法保存扩展配置文件。",
  "cmd.downloadSettings.info.downloaded": "Sync: 下载完成。",
  "cmd.downloadSettings.info.gotLatestVersion": "Sync: 你已经应用了最新版本的配置",
  "cmd.downloadSettings.info.readdingOnline": "Sync: 正在读取远程设置。",
  "cmd.downloadSettings.title": "Sync: 下载配置",
  "cmd.howSetting.title": "Sync: 如何配置",
  "cmd.otherOptions.customizedSync": "Sync: 添加自定义的文件同步路径",
  "cmd.otherOptions.customizedSync.done": "Sync: {0} 已经被注册。",
  "cmd.otherOptions.customizedSync.placeholder": "输入额外上传文件的绝对路径。",
  "cmd.otherOptions.customizedSync.prompt": "(例如 /path/to/.eslintrc) 将被上传和下载到指定的路径。",
  "cmd.otherOptions.downloadCustomFile": "Sync: 导入自定义同步文件到工作区",
  "cmd.otherOptions.downloadCustomFile.done": "{0} 下载完成。",
  "cmd.otherOptions.downloadCustomFile.placeholder": "选择你想要的文件下载到你正在使用的工作空间的根目录下。",
  "cmd.otherOptions.downloadSetting": "Sync: 从公开 Gist 下载配置",
  "cmd.otherOptions.editLocalSetting": "Sync: 编辑扩展本地设置",
  "cmd.otherOptions.error.toggleFail": "Sync: 无法切换。",
  "cmd.otherOptions.joinCommunity": "Sync: 加入社区",
  "cmd.otherOptions.openIssue": "Sync: 打开 Issue",
  "cmd.otherOptions.openSettingsPage": "Sync: 打开设置",
  "cmd.otherOptions.preserve": "Sync: 防止配置在下载后覆盖",
  "cmd.otherOptions.preserve.info.done1": "Sync: 完成。下载完成后将从 setting.json 中删除 {0}",
  "cmd.otherOptions.preserve.info.done2": "Sync: 完成。下载完成后扩展将在 settings.json 中保留 {0}:{1} 。",
  "cmd.otherOptions.preserve.placeholder": "输入 settings.json 中的任意字段以保留",
  "cmd.otherOptions.preserve.prompt": "例如：输入 'http.proxy' => 在本机存储该配置，并覆盖同步后的配置。如果设置为空，则会移除同步后配置中的这一字段。",
  "cmd.otherOptions.quietSync.off": "Sync: 将在上传或下载时显示摘要。",
  "cmd.otherOptions.quietSync.on": "Sync: 将在上传或下载后更新状态栏。",
  "cmd.otherOptions.releaseNotes": "Sync: 更新日志",
  "cmd.otherOptions.shareSetting": "Sync: 在公开 Gist 上分享配置",
  "cmd.otherOptions.shareSetting.beforeConfirm": "Sync: 这将移除当前的 Gist 并将配置发布到新的公开 Gist 。你确定继续吗？",
  "cmd.otherOptions.title": "Sync: 高级选项",
  "cmd.otherOptions.toggleAutoDownload": "Sync: 切换启动时自动下载",
  "cmd.otherOptions.toggleAutoDownload.off": "Sync: VSCode 启动时自动下载已关闭",
  "cmd.otherOptions.toggleAutoDownload.on": "Sync: VSCode 启动时自动下载已开启",
  "cmd.otherOptions.toggleAutoUpload": "Sync: 切换配置更新后自动上传",
  "cmd.otherOptions.toggleAutoUpload.off": "Sync: 自动上传配置已关闭。",
  "cmd.otherOptions.toggleAutoUpload.on": "Sync: 自动上传配置已开启。重启后生效。",
  "cmd.otherOptions.toggleForceDownload": "Sync: 开关强制下载",
  "cmd.otherOptions.toggleForceDownload.off": "Sync: 强制下载已关闭。",
  "cmd.otherOptions.toggleForceDownload.on": "Sync: 强制下载已开启。",
  "cmd.otherOptions.toggleForceUpload": "Sync: 切换强制上传",
  "cmd.otherOptions.toggleForceUpload.off": "Sync: 强制上传已关闭。",
  "cmd.otherOptions.toggleForceUpload.on": "Sync: 强制上传已开启。",
  "cmd.otherOptions.toggleSummaryPage": "Sync: 开关同步时显示摘要页面",
  "cmd.otherOptions.triggerReset": "Sync: 确定要重置设置吗？",
  "cmd.otherOptions.warning.tokenNotRequire": "Sync:  Settings Sync 将不再要求填写 GitHub 令牌。",
  "cmd.resetSettings.info.resetting": "Sync: 正在重置你的设置。",
  "cmd.resetSettings.info.settingClear": "Sync: 设置已清除。",
  "cmd.resetSettings.title": "Sync: 重置扩展设置",
  "cmd.updateSettings.error.gistNotSave": "Sync: Gist 没有保存",
  "cmd.updateSettings.error.newGistCreateFail": "Sync: 无法创建 Gist。",
  "cmd.updateSettings.error.readGistFail": "Sync: 无法读取 Gist ID:{0}。",
  "cmd.updateSettings.info.gotLatestVersion": "Sync: 您已经上传了最新版本的已保存设置。",
  "cmd.updateSettings.info.newGistCreated": "Sync: 已创建新的 Gist。",
  "cmd.updateSettings.info.readding": "Sync: 正在读取设置和扩展",
  "cmd.updateSettings.info.shareGist": "Sync: 与其他用户分享 Gist ID 来共享配置",
  "cmd.updateSettings.info.uploadCanceled": "Sync: 上传已取消。",
  "cmd.updateSettings.info.uploading": "Sync: 上传/更新您的配置到 GitHub",
  "cmd.updateSettings.info.uploadingDone": "Sync: 上传完成。Gist ID:{0}。请复制这个 ID 并将其用于其他设备来下载配置。",
  "cmd.updateSettings.info.uploadingFile": "Sync: 上传文件数据。",
  "cmd.updateSettings.info.uploadingSuccess": "Sync: 上传成功。",
  "cmd.updateSettings.title": "Sync: 更新/上传配置",
  "cmd.updateSettings.warning.OSNotSupported": "同步 Pragma OS 值 {0} 不被支持。行：{1}",
  "cmd.updateSettings.warning.noToken": "Sync: 设置 GitHub 令牌或从本地同步设置文件中禁用 'downloadPublicGist' 。",
  "common.action.donate": "现在捐赠",
  "common.action.joinCommunity": "加入社区",
  "common.action.openExtPage": "打开扩展主页",
  "common.action.openExtTutorial": "打开教程",
  "common.action.releaseNotes": "更新日志",
  "common.action.support": "支持这个项目",
  "common.action.writeReview": "去写评论",
  "common.button.no": "没有",
  "common.button.yes": "是",
  "common.error.canNotSave": "Sync: 保存设置失败。请确保你的 setting.json 文件合法 (例如 : 没有逗号尾随)",
  "common.error.connection": "Sync: 未连接到网络或者连接 GitHub 失败。错误信息已打印到控制台",
  "common.error.gistNotSave": "Sync: Gist 未保存。",
  "common.error.invalidGistId": "Sync: Gist Id 无效。请确认你的 Gist : https://gist.github.com/<your_userName>/<Gist_id> 是否有效",
  "common.error.invalidToken": "Sync: GitHub 令牌无效或已过期。请重新生成。错误信息已打印到控制台",
  "common.error.message": "Sync: 错误信息已打印在控制台 (帮助 > 切换开发人员工具)。",
  "common.error.tokenNotSave": "Sync: 令牌未保存。",
  "common.info.donate": "Sync: 你喜欢这个扩展吗？要不留下评论或捐助我怎么样 ;)",
  "common.info.excludeFile": "Sync: 你可以在上传和下载中忽略任何文件或文件夹",
  "common.info.gistSaved": "Sync: Gist 已保存",
  "common.info.initAutoUpload": "Sync: {0} 秒后开始自动上传",
  "common.info.installed": "Sync: 配置已创建。感谢您的使用！",
  "common.info.needHelp": "Sync: 需要帮助来配置此扩展吗？",
  "common.info.setToken": "Sync: 现现在你可以在 `syncLocalSettings.json` 中手动设置 GitHub 令牌",
  "common.info.tokenSaved": "Sync: 令牌已保存",
  "common.info.updateTo": "Sync: 更新至 v{0}",
  "common.info.updating": "Sync: 正在更新... 请稍候。",
  "common.placeholder.enterGistId": "请输入 Gist Id",
  "common.placeholder.enterGithubAccessToken": "请输入 GitHub Token",
  "common.placeholder.multipleGist": "Gist 名 [ 例如 : Personal Settings ]",
  "common.prompt.enterGistId": "请输入上一次上传设置的 Gist Id 。你也可以手动添加到 VSCode 的配置文件 (sync.gist 字段) 。按下 [Enter] 确认或者 输入 'esc' 取消",
  "common.prompt.enterGithubAccessToken": "链接打开了！你可以手动添加到用户目录/syncLocalSettings.json 。按下 [Enter] 确认或者 输入 'esc' 取消",
  "common.prompt.gistForceUpload": "Sync: 上传将替换GitHub Gist中的设置。 考虑下载设置或强制上传。 你还想强力上传吗？",
  "common.prompt.gistNewer": "Sync: 自上次下载以来，Gist中的设置已更改。 您是否要将当前的本地设置上传到Gist？",
  "common.prompt.multipleGist": "如果你有多个 Gist 设置，使你可以识别设置",
  "common.prompt.restartCode": "你是否要重新加载 VSCode 来应用扩展和设置？",
  "ext.config.autoDownload": "设置为 true 在编辑器打开时自动下载远程配置。[需要重启]",
  "ext.config.autoDownload.name": "自动下载",
  "ext.config.autoUpload": "设置为 true 在编辑器打开时自动上传本地配置。[需要重启]",
  "ext.config.autoUpload.name": "自动上传",
  "ext.config.forceDownload": "设置为 true 将会下载远程配置，即便本地已有更新的配置。",
  "ext.config.forceDownload.name": "强制下载",
  "ext.config.forceUpload": "如果即使 Gist 具有较新设置你仍想上传设置，请设置为 true 。",
  "ext.config.forceUpload.name": "强制上传",
  "ext.config.gist": "设置同步使用的 GitHub Gist ID",
  "ext.config.gist.name": "Gist ID",
  "ext.config.gist.placeholder": "请输入 Gist ID",
  "ext.config.host": "如果你是 GitHub 企业用户，设置为 GitHub 企业版服务器。",
  "ext.config.lastDownload": "最后下载时间。如果你要手动下载，请将其设置为空",
  "ext.config.lastUpload": "最后上传时间。如果你要手动下载，请将其设置为空",
  "ext.config.pathPrefix": "如果你是 GitHub 企业用户，设置 GitHub 的 API 前缀。通常是 '/api/v3' 。只在 host 字段设置后生效",
  "ext.config.quietSync": "如果设置为 true ，开启静默模式。上传和下载的概要信息显示在状态栏而非输出面板",
  "ext.config.quietSync.name": "静默同步",
  "ext.config.removeExtensions": "设置为 false 如果你不想在下载时移除扩展。",
  "ext.config.removeExtensions.name": "删除扩展",
  "ext.config.syncExtensions": "设置为 false 如果你不想上传/下载扩展。",
  "ext.config.syncExtensions.name": "同步扩展",
  "ext.config.title": "代码同步配置",
  "ext.globalConfig.askGistDescription.name": "创建 Gist 时询问名称，这可以帮助您在您的多个 Gist 中找到这个配置",
  "ext.globalConfig.autoUploadDelay.name": "自动上传延迟",
  "ext.globalConfig.autoUploadDelay.placeholder": "输入延迟的秒数",
  "ext.globalConfig.downloadPublicGist.name": "下载公开 Gist",
  "ext.globalConfig.gistDescription.name": "Gist 描述说明",
  "ext.globalConfig.gistDescription.placeholder": "请输入描述",
  "ext.globalConfig.githubEnterpriseUrl.name": "GitHub 企业版地址(可选)",
  "ext.globalConfig.githubEnterpriseUrl.placeholder": "输入 GitHub 企业版 URL",
  "ext.globalConfig.hostName.name": "主机名(可选)",
  "ext.globalConfig.hostName.placeholder": "输入主机名",
  "ext.globalConfig.ignoreExtensions.name": "忽略的扩展",
  "ext.globalConfig.ignoreExtensions.placeholder": "每行输入一个扩展名(全名)",
  "ext.globalConfig.ignoreUploadFiles.name": "忽略的文件",
  "ext.globalConfig.ignoreUploadFiles.placeholder": "每行输入一个文件",
  "ext.globalConfig.ignoreUploadFolders.name": "忽略文件夹",
  "ext.globalConfig.ignoredUploadFolders.placeholder": "每行输入一个文件夹",
  "ext.globalConfig.openTokenLink.name": "打开令牌链接",
  "ext.globalConfig.supportedFileExtensions.name": "支持的文件扩展",
  "ext.globalConfig.supportedFileExtensions.placeholder": "每行输入一个文件扩展",
  "ext.globalConfig.token.name": "获取令牌",
  "ext.globalConfig.token.placeholder": "输入令牌"
}
