{
    "ext.config.title": "Code Settings Sync 설정",
    "ext.config.gist": "Settings Sync에 사용할 GitHub GIST ID.",
    "ext.config.lastDownload": "Settings Sync의 마지막 다운로드 날짜입니다. 수동으로 다운받길 원하면 비워두세요.",
    "ext.config.lastUpload": "Settings Sync의 마지막 업로드 날짜입니다. 수동으로 다운받길 원하면 비워두세요.",
    "ext.config.autoDownload": "VSCode가 실행될 때 설정을 자동으로 다운로드합니다. [코드 재시작 필요]",
    "ext.config.autoUpload": "설정이 변경되면 변경된 설정을 자동으로 업로드합니다. [코드 재시작 필요]",
    "ext.config.forceDownload": "로컬 설정의 버전에 무관하게 강제로 설정을 다운로드합니다.",
    "ext.config.forceUpload": "Gist에 존재하는 설정 버전과 무관하게 강제로 현재 설정을 업로드합니다.",
    "ext.config.host": "GHE를 사용하려면 GitHub Enterprise 호스트를 설정하십시오.",
    "ext.config.pathPrefix": "GHE를 사용하기 위해서는 GitHub Enterprise API의 접두사가 필요합니다. 일반적으로 '/api/v3'를 사용합니다. 호스트가 설정되어있을 때만 사용됩니다.",
    "ext.config.quietSync": "설정시 결과를 알림창 대신 상태바에 표시합니다.",
    "ext.config.askGistDescription": "생성시 Gist 이름을 묻습니다. 여러 개의 Gist가 존재할 때 식별에 도움이 됩니다.",
    "ext.config.removeExtensions": "동기화 다운로드로 인해 확장(extension)이 삭제되는 걸 막고 싶다면 False로 설정하세요.", 
    "ext.config.syncExtensions": "만약 확장(extension)이 업로드/다운로드되는 걸 원하지 않으면 False로 설정하세요.",
    "cmd.howSetting.title": "Sync: 환경설정 방법",
    "cmd.updateSettings.title": "Sync: 업데이트/업로드 설정",
    "cmd.updateSettings.info.uploading": "Sync: GitHub에서 설정을 업로드/업데이트하는 중입니다.",
    "cmd.updateSettings.info.uploadingFile": "Sync: 파일 데이터를 업로드 중 입니다.",
    "cmd.updateSettings.info.uploadingDone": "Sync: 업로드 완료. GIST ID: {0}. 다른 기기에서도 설정을 다운받으려면 이 ID를 복사해서 사용하세요.",
    "cmd.updateSettings.info.uploadingSuccess": "Sync: 업로드 완료",
    "cmd.updateSettings.info.shareGist": "Sync: ID를 공유하여 다른 확장(extension) 사용자들과 설정을 공유하세요.",
    "cmd.updateSettings.info.readding": "Sync: 설정과 확장을 읽고 있습니다.",
    "cmd.updateSettings.info.uploadCanceled": "Sync: 업로드 동작이 취소되었습니다.",
    "cmd.updateSettings.info.newGistCreated": "Sync: 새로운 Gist가 생성되었습니다.",
    "cmd.updateSettings.info.gotLatestVersion": "Sync: 저장된 설정의 최신 버전을 이미 업로드했습니다.",
    "cmd.updateSettings.warning.noToken": "Sync: 로컬 설정 동기화 파일에서 'downloadPublicGist'를 끄거나 GitHub 토큰을 설정하세요.",
    "cmd.updateSettings.warning.OSNotSupported": "동기화 Pragma 운영체제 값 {0} 는 line {1} 에서 지원되지 않습니다.",
    "cmd.updateSettings.error.newGistCreateFail": "Sync: 새로운 Gist 생성에 실패했습니다.",
    "cmd.updateSettings.error.readGistFail": "Sync:  GIST ID: {0} 읽기에 실패했습니다.",
    "cmd.updateSettings.error.gistNotSave": "Sync: Gist가 저장되지 않았습니다.",
    "cmd.downloadSettings.title": "Sync: 다운로드 설정",
    "cmd.downloadSettings.info.downloaded": "Sync: 다운로드 완료.",
    "cmd.downloadSettings.info.readdingOnline": "Sync: 온라인에서 설정을 읽고 있습니다.",
    "cmd.downloadSettings.info.gotLatestVersion": "Sync: 로컬 설정이 이미 최신 버전입니다.",
    "cmd.downloadSettings.error.removeExtFail": "Sync: 일부 확장(extension)을 제거하는데 실패했습니다.",
    "cmd.downloadSettings.error.unableSave": "Sync: 확장(extension) 설정파일을 저장하는데 실패했습니다.",
    "cmd.resetSettings.title": "Sync: 설정 초기화",
    "cmd.resetSettings.info.resetting": "Sync: 설정을 초기화 중입니다.",
    "cmd.resetSettings.info.settingClear": "Sync: 설정이 초기화되었습니다.",
    "cmd.otherOptions.title": "Sync: 고급 옵션",
    "cmd.otherOptions.openSettingsPage": "Sync: 설정 열기",
    "cmd.otherOptions.editLocalSetting": "Sync: 확장(extension)의 로컬 설정 편집하기",
    "cmd.otherOptions.shareSetting": "Sync: Public GIST로 설정 공유하기",
    "cmd.otherOptions.shareSetting.beforeConfirm": "Sync: 현재 Gist를 삭제하고 새 public Gist에 설정을 업로드합니다. 계속하시겠습니까?",
    "cmd.otherOptions.downloadSetting": "Sync: public Gist로부터 설정 다운로드",
    "cmd.otherOptions.toggleForceDownload": "Sync: 강제 다운로드 켜기/끄기",
    "cmd.otherOptions.toggleForceDownload.on": "Sync: 강제 다운로드 켜기",
    "cmd.otherOptions.toggleForceDownload.off": "Sync: 강제 다운로드 끄기",
    "cmd.otherOptions.toggleForceUpload": "Sync: 강제 업로드 켜기/끄기",
    "cmd.otherOptions.toggleForceUpload.on": "Sync: 강제 업로드 켜기",
    "cmd.otherOptions.toggleForceUpload.off": "Sync: 강제 업로드 끄기",
    "cmd.otherOptions.toggleAutoUpload": "Sync: 설정이 변경될 때 자동 업로드 켜기/끄기",
    "cmd.otherOptions.toggleAutoUpload.on": "Sync: 설정이 변경될 때 자동 업로드하기 켜기. VSCode가 재시작한 뒤에 적용됩니다.",
    "cmd.otherOptions.toggleAutoUpload.off": "Sync: 설정이 변경될 때 자동 업로드하기 끄기",
    "cmd.otherOptions.toggleAutoDownload": "Sync: VSCode가 시작될 때 자동 다운로드 켜기/끄기",
    "cmd.otherOptions.toggleAutoDownload.on": "Sync: VSCode가 시작될 때 자동 다운로드 켜기",
    "cmd.otherOptions.toggleAutoDownload.off": "Sync: VSCode가 시작될 때 자동 다운로드 끄기",
    "cmd.otherOptions.toggleSummaryPage": "Sync: 업로드/다운로드 시 요약 페이지 표시 켜기/끄기",
    "cmd.otherOptions.preserve": "Sync: 다운로드 후 설정을 보호해 덮어쓰기 방지하기",
    "cmd.otherOptions.preserve.placeholder": "settings.json를 보호할 암호(key)를 입력하세요.",
    "cmd.otherOptions.preserve.prompt": "Example: 'http.proxy' 작성 => 컴퓨터 프록시를 저장 및 덮어씁니다. 비어있으면 프록시가 제거됩니다.",
    "cmd.otherOptions.preserve.info.done1": "Sync: 완료. 다운로드 후 {0} 값이 settings.json에서 제거되었습니다.",
    "cmd.otherOptions.preserve.info.done2": "Sync: 완료. 다운로드 후 {0}: {1} 는 settings.json에 유지됩니다.",
    "cmd.otherOptions.customizedSync": "Sync: 사용자 정의 동기화 파일 추가",
    "cmd.otherOptions.customizedSync.placeholder": "추가 업로드 파일의 절대 경로를 입력하십시오.",
    "cmd.otherOptions.customizedSync.prompt": "(예: /path/to/.eslintrc)가 업로드되고 지정된 경로로 다운로드될 것입니다.",
    "cmd.otherOptions.customizedSync.done": "Sync: {0}가 등록되었습니다.",
    "cmd.otherOptions.downloadCustomFile": "Sync: 사용자 정의 동기화 파일을 현재 작업영역에 불러옵니다.",
    "cmd.otherOptions.downloadCustomFile.placeholder": "현재 작업영역의 루트(root)에 다운로드 받을 파일을 선택하세요.",
    "cmd.otherOptions.downloadCustomFile.done": "{0} 다운로드됨.",
    "cmd.otherOptions.joinCommunity": "Sync: 커뮤니티 가입",
    "cmd.otherOptions.openIssue": "Sync: 이슈(issue) 열기",
    "cmd.otherOptions.releaseNotes": "Sync: 릴리즈 노트",
    "cmd.otherOptions.quietSync.on": "Sync: 업/다운로드시 상태바에 표시됩니다.",
    "cmd.otherOptions.quietSync.off": "Sync: 업/다운로드시 알림창이 표시됩니다.",
    "cmd.otherOptions.warning.tokenNotRequire": "Sync: 이제부터 Settings Sync에서 GitHub 토큰을 묻지 않습니다.",
    "cmd.otherOptions.error.toggleFail": "Sync: 설정/해제 할 수 없습니다.",
    "cmd.otherOptions.triggerReset": "Sync: 설정을 초기화할까요?",
    "common.info.installed": "Sync: 확장이 설치되었습니다. 설치해주셔서 감사합니다!",
    "common.info.needHelp": "Sync: 이 확장(extension)을 환경설정하는 데 도움이 필요하십니까?",
    "common.info.excludeFile": "Sync: 업/다운로드시 특정 파일 및 폴더를 제외할 수 있습니다.",
    "common.info.updating": "Sync: 업데이트 중입니다... 잠시만 기다려주세요.",
    "common.info.initAutoUpload": "Sync: {0}초 뒤 자동 업로드가 시작됩니다.",
    "common.info.setToken": "Sync: 이제 'syncLocalSetings.json'에서 GitHub 토큰을 수동으로 설정할 수 있습니다.",
    "common.info.tokenSaved": "Sync: Token이 저장되었습니다.",
    "common.info.gistSaved": "Sync: Gist가 저장되었습니다.",
    "common.info.updateTo": "Sync: v{0}로 업데이트 되었습니다.",
    "common.info.donate": "Sync: 이 확장(extension)이 마음에 드셨나요? 리뷰를 쓰거나 기부를 해보는 건 어떠세요? ;)",
    "common.error.message": "Sync: 콘솔에 오류가 기록되었습니다. (메뉴의 `도움말 > 개발자 도구 설정/해제`에서 볼 수 있습니다.)",
    "common.error.connection": "Sync: 인터넷이 연결되지 않았거나 GitHub에 연결할 수 없습니다. 콘솔에 예외(exception)가 기록되었습니다.",
    "common.error.canNotSave": "Sync: 설정을 저장할 수 없습니다. settings.json 파일이 유효한 JSON인지 확인해 주세요. (예: 끝에 콤마','가 없는 경우)",
    "common.error.invalidToken": "Sync: 유효하지 않거나 만료된 GitHub 토큰입니다. Readme에 언급된 범위에서 새 토큰을 생성해 주세요. 콘솔에 예외(exception)가 기록되었습니다.",
    "common.error.invalidGistId": "Sync: 유효하지 않은 Gist Id가 입력되었습니다. 당신의 Gist를 확인해주세요: https://gist.github.com/<당신의_사용자이름>/<gist_id>.",
    "common.error.tokenNotSave": "Sync: 토큰이 저장되지 않았습니다.",
    "common.error.gistNotSave": "Sync: Gist가 저장되지 않았습니다.",
    "common.action.openExtPage": "확장(extension) 페이지 열기",
    "common.action.openExtTutorial": "튜토리얼 열기",
    "common.action.releaseNotes": "릴리즈 노트",
    "common.action.writeReview": "리뷰 작성하기",
    "common.action.support": "이 프로젝트 지원하기",
    "common.action.joinCommunity": "커뮤니티 참여",
    "common.action.donate": "기부하기",
    "common.placeholder.enterGithubAccessToken": "GitHub 개인(personal) 액세스 토큰을 입력하세요.",
    "common.placeholder.enterGistId": "Gist Id를 입력하세요.",
    "common.placeholder.multipleGist": "Gist 이름 (예: 개인 설정)",
    "common.prompt.multipleGist": "여러 개의 Gist가 있는 경우, 당신에게 설정을 식별하도록 허용하기",
    "common.prompt.enterGistId": "이전에 업로드된 설정으로부터 Gist ID 입력. VSCode설정 중 `sync.gist`에서 수동으로 설정할 수도 있습니다. [Enter]를 누르거나 취소하려면 [Esc]를 누르세요.",
    "common.prompt.enterGithubAccessToken": "수동으로 토큰을 추가합니다.(사용자 폴더/syncLocalSettings.json). [Enter]를 누르거나 취소하려면 [Esc]를 누르세요.",
    "common.prompt.restartCode": "확장(extensions) 및 구성을 적용하기 위해 VScode를 재시작하시겠습니까?",
    "common.prompt.gistForceUpload": "Sync: 업로드하면 GitHub Gist의 설정이 대체됩니다. 설정을 다운로드하거나 강제 업로드를 고려하십시오. 여전히 강제로 업로드 하시겠습니까?",
    "common.prompt.gistNewer": "Sync: 마지막으로 다운로드 한 이후 Gist의 설정이 변경되었습니다. 어쨌든 현재 로컬 설정을 Gist에 업로드 하시겠습니까?",
    "common.button.no": "아니",
    "common.button.yes": "예",
    "ext.globalConfig.token.name": "액세스 토큰",
    "ext.globalConfig.token.placeholder": "토큰을 입력하세요.",
    "ext.globalConfig.githubEnterpriseUrl.name": "GitHub Enterpirse URL(선택사항)",
    "ext.globalConfig.githubEnterpriseUrl.placeholder": "GitHub Enterprise URL을 입력하세요",
    "ext.globalConfig.ignoreUploadFolders.name": "무시할 폴더",
    "ext.globalConfig.ignoredUploadFolders.placeholder": "한 줄에 하나의 폴더를 입력하세요",
    "ext.globalConfig.ignoreExtensions.name": "무시할 확장(extension)",
    "ext.globalConfig.ignoreExtensions.placeholder": "한 줄에 하나의 확장(extension)을 풀네임으로 입력하세요.",
    "ext.globalConfig.hostName.name": "호스트명 (선택사항)",
    "ext.globalConfig.hostName.placeholder": "호스트명을 입력하세요",
    "ext.globalConfig.ignoreUploadFiles.name": "무시할 파일",
    "ext.globalConfig.ignoreUploadFiles.placeholder": "한 줄에 한 파일씩 입력하세요",
    "ext.globalConfig.supportedFileExtensions.name": "지원할 파일 확장자",
    "ext.globalConfig.supportedFileExtensions.placeholder": "한 줄에 하나의 파일 확장자를 입력하세요",
    "ext.globalConfig.gistDescription.name": "Gist 설명",
    "ext.globalConfig.gistDescription.placeholder": "Gist 설명을 입력하세요",
    "ext.globalConfig.autoUploadDelay.name": "자동 업로드 간격",
    "ext.globalConfig.autoUploadDelay.placeholder": "자동 업로드 간격을 초 단위로 입력하세요",
    "ext.globalConfig.askGistDescription.name": "Gist 이름",
    "ext.globalConfig.downloadPublicGist.name": "public Gist 다운로드",
    "ext.globalConfig.openTokenLink.name": "토큰 링크 열기",
    "ext.config.gist.name": "Gist ID",
    "ext.config.gist.placeholder": "Gist ID를 입력하세요"
}