{
  "cmd.downloadSettings.error.removeExtFail": "Sync: Impossible de supprimer certaines extensions.",
  "cmd.downloadSettings.error.unableSave": "Sync: Impossible d'enregistrer les paramètres de l'extension de fichier.",
  "cmd.downloadSettings.info.downloaded": "Sync: Téléchargement terminé.",
  "cmd.downloadSettings.info.gotLatestVersion": "Sync: Vous avez déjà la dernière version des paramètres enregistrés.",
  "cmd.downloadSettings.info.readdingOnline": "Sync: Lecture des paramètres en ligne.",
  "cmd.downloadSettings.title": "Sync: Paramètres de téléchargement",
  "cmd.howSetting.title": "Sync: Comment configurer",
  "cmd.otherOptions.customizedSync": "Sync: Ajouter un chemin d'accès au fichier de synchronisation personnalisé",
  "cmd.otherOptions.customizedSync.done": "Sync: {0} a été enregistré.",
  "cmd.otherOptions.customizedSync.placeholder": "Entrez un chemin d'accès absolu au fichier supplémentaires uploadé.",
  "cmd.otherOptions.customizedSync.prompt": "(ex. /chemin/vers/.eslintrc) sera uploadé et téléchargé vers le chemin spécifié.",
  "cmd.otherOptions.downloadCustomFile": "Sync: Importer un Fichier de Synchronisation Personnalisé à l'espace de travail",
  "cmd.otherOptions.downloadCustomFile.done": "Téléchargé: {0}.",
  "cmd.otherOptions.downloadCustomFile.placeholder": "Sélectionnez le fichier que vous souhaitez télécharger à la racine de l'espace de travail actuel.",
  "cmd.otherOptions.downloadSetting": "Sync: Télécharger les configuration depuis un GIST public",
  "cmd.otherOptions.editLocalSetting": "Sync: Modifier les paramètres locaux de l'extension",
  "cmd.otherOptions.error.toggleFail": "Sync: Impossible d'activer.",
  "cmd.otherOptions.joinCommunity": "Sync: Rejoignez la communauté",
  "cmd.otherOptions.openIssue": "Sync: Créer une \"Issue\"",
  "cmd.otherOptions.openSettingsPage": "Sync: Ouvrir les paramètres",
  "cmd.otherOptions.preserve": "Sync: Empêche le remplacement des paramètres au téléchargement",
  "cmd.otherOptions.preserve.info.done1": "Sync: Fait. La valeur de {0} sera supprimée dans settings.json après le téléchargement.",
  "cmd.otherOptions.preserve.info.done2": "Sync: Fait. L'extension gardera {0}: {1} dans settings.json après le téléchargement.",
  "cmd.otherOptions.preserve.placeholder": "Entrez n'importe quelle clé de settings.json pour la préserver.",
  "cmd.otherOptions.preserve.prompt": "Exemple: Écrivez 'http.proxy' => enregistre ce proxy et le remplacer, si vide le proxy sera supprimé.",
  "cmd.otherOptions.quietSync.off": "Sync: Un résumé s'affiche lors du téléchargement/upload.",
  "cmd.otherOptions.quietSync.on": "Sync: La barre de statut sera mis à jour lors d'un téléchargement/upload.",
  "cmd.otherOptions.releaseNotes": "Sync: Notes de version",
  "cmd.otherOptions.shareSetting": "Sync: Partagez vos paramètres grâce aux GIST public",
  "cmd.otherOptions.shareSetting.beforeConfirm": "Sync: Cela permettra de supprimer le GIST actuel et uploadera vos paramètres sur un nouveau GIST public. Voulez-vous continuer?",
  "cmd.otherOptions.title": "Sync: Options avancées",
  "cmd.otherOptions.toggleAutoDownload": "Sync: Active le téléchargement automatique au démarrage",
  "cmd.otherOptions.toggleAutoDownload.off": "Sync: Téléchargement automatique DÉSACTIVÉE au démarrage de VSCode.",
  "cmd.otherOptions.toggleAutoDownload.on": "Sync: Téléchargement automatique ACTIVÉ au démarrage de VSCode.",
  "cmd.otherOptions.toggleAutoUpload": "Sync: Activer / Désactiver l'upload automatique lorsque vous changez vos paramètres",
  "cmd.otherOptions.toggleAutoUpload.off": "Sync: L'upload automatique lors de modification des paramètres est désactivé.",
  "cmd.otherOptions.toggleAutoUpload.on": "Sync: L'upload automatique lors de modification des paramètres est activé. Cela prendra effet après le redémarrage.",
  "cmd.otherOptions.toggleForceDownload": "Sync: Permet de forcer le téléchargement",
  "cmd.otherOptions.toggleForceDownload.off": "Sync: Téléchargement forcé désactivé.",
  "cmd.otherOptions.toggleForceDownload.on": "Sync: Téléchargement forcé activé.",
  "cmd.otherOptions.toggleForceUpload": "Sync: Activer l'upload forcé",
  "cmd.otherOptions.toggleForceUpload.off": "Sync: Upload forcé désactivé.",
  "cmd.otherOptions.toggleForceUpload.on": "Sync: Upload forcé activé.",
  "cmd.otherOptions.toggleSummaryPage": "Sync: Active l'affichage de la page \"Résumé\" lors d'un téléchargement/upload",
  "cmd.otherOptions.triggerReset": "Sync: Voulez-vous réinitialiser les paramètres ?",
  "cmd.otherOptions.warning.tokenNotRequire": "Sync: Settings Sync ne vous demandera plus de Token GitHub à partir de maintenant.",
  "cmd.resetSettings.info.resetting": "Sync: Réinitialisation de vos paramètres.",
  "cmd.resetSettings.info.settingClear": "Sync: Paramètres effacés.",
  "cmd.resetSettings.title": "Sync: Réinitialise les paramètres de l'extension",
  "cmd.updateSettings.error.gistNotSave": "Sync: GIST NON ENREGISTRÉ",
  "cmd.updateSettings.error.newGistCreateFail": "Sync: Impossible de créer le Gist.",
  "cmd.updateSettings.error.readGistFail": "Sync: GIST ID: {0} NE PEUT ETRE LU.",
  "cmd.updateSettings.info.gotLatestVersion": "Sync: Vous avez déjà téléchargé la dernière version des paramètres enregistrés.",
  "cmd.updateSettings.info.newGistCreated": "Sync: Nouveau gist créé.",
  "cmd.updateSettings.info.readding": "Sync: Lecture des paramètres et des extensions.",
  "cmd.updateSettings.info.shareGist": "Sync: Partager l'Id avec un autre utilisateur de l'extension pour partager les paramètres.",
  "cmd.updateSettings.info.uploadCanceled": "Sync: Processus de téléchargement annulé.",
  "cmd.updateSettings.info.uploading": "Sync: Upload/Mise À Jour de vos paramètres sur GitHub.",
  "cmd.updateSettings.info.uploadingDone": "Sync: Upload complet. GIST ID: {0}. Merci de copiez et d'utiliser cette ID dans d'autres machines pour télécharger les paramètres.",
  "cmd.updateSettings.info.uploadingFile": "Sync:, Upload des fichiers de données.",
  "cmd.updateSettings.info.uploadingSuccess": "Sync: Uploadé avec succès.",
  "cmd.updateSettings.title": "Sync: Mettre À Jour/Uploader vos paramètres",
  "cmd.updateSettings.warning.OSNotSupported": "Sync Pragma OS de la valeur {0} non pris en charge à la ligne {1}",
  "cmd.updateSettings.warning.noToken": "Sync: Ajoutez un Token GitHub ou désactivez 'downloadPublicGist' de votre fichier local des paramètres de synchronisation.",
  "common.action.donate": "Faites un don maintenant",
  "common.action.joinCommunity": "Rejoignez la communauté",
  "common.action.openExtPage": "Ouvrir la page de l'extension",
  "common.action.openExtTutorial": "Ouvrir le tutoriel",
  "common.action.releaseNotes": "Notes de version",
  "common.action.support": "Soutenir ce projet",
  "common.action.writeReview": "Écrire une review",
  "common.button.no": "Non",
  "common.button.yes": "Oui",
  "common.error.canNotSave": "Sync: Impossible d'enregistrer les paramètres. Assurez-vous d'avoir un JSON valide dans votre fichier settings.json.",
  "common.error.connection": "Sync: Pas de connection internet ou impossible de se connecter à GitHub. Exception enregistré dans la Console",
  "common.error.gistNotSave": "Sync: Gist non enregistré.",
  "common.error.invalidGistId": "Sync: Gist Id non valide. Vérifiez votre gist: https://gist.github.com/<nom_d_utilisateur>/<gist_id>.",
  "common.error.invalidToken": "Sync: Token Github non valide ou expiré. Veuillez créer un nouveau token avec des étendues mentionné dans le fichier le readme. Exception Enregistré dans la Console.",
  "common.error.message": "Sync: Erreur enregistré dans la Console (menu Aide > activer / désactiver les Outils de développement).",
  "common.error.tokenNotSave": "Sync: Token Non Enregistré.",
  "common.info.donate": "Sync: Aimez-vous cette extension? Souhaitez-vous écrire une review ou envoyer un don? ;)",
  "common.info.excludeFile": "Synchronisation: Vous pouvez exclure n'importe quel fichier/dossier pour l'upload et paramètres pour le téléchargement.",
  "common.info.gistSaved": "Sync: Gist Enregistré",
  "common.info.initAutoUpload": "Sync: Le téléchargement automatique démarrera dans {0} secondes.",
  "common.info.installed": "Sync: Paramètres créés, je vous remercie d'avoir installé cette extension!",
  "common.info.needHelp": "Sync: Besoin d'aide pour configurer cette extension?",
  "common.info.setToken": "Synchronisation: Vous pouvez désormais paramétrer votre Token GitHub manuellement dans \"syncLocalSettings.json\"",
  "common.info.tokenSaved": "Sync: Token Enregistré",
  "common.info.updateTo": "Sync: Mise à jour à v{0}",
  "common.info.updating": "Sync: Mise à jour en cours... Veuillez patienter.",
  "common.placeholder.enterGistId": "Entrez Gist Id",
  "common.placeholder.enterGithubAccessToken": "Entrez GitHub Personal Access Token",
  "common.placeholder.multipleGist": "Gist Name (par exemple: Paramètres Personnels)",
  "common.prompt.enterGistId": "Entrez le Gist Id de vos paramètres précédemment uploadé. Vous pouvez également définir le manuellement dans les paramètres de VSCode (sync.gist). Appuyez sur la touche [Enter] ou [Esc] pour annuler.",
  "common.prompt.enterGithubAccessToken": "Vous aussi ajouter manuellement un token (Dossier Utilisateur/syncLocalSettings.json). Appuyez sur la touche [Enter] ou [Esc] pour annuler.",
  "common.prompt.gistForceUpload": "Sync: Le téléchargement remplacera les paramètres dans GitHub Gist. Pensez à télécharger les paramètres ou à effectuer un téléchargement forcé. Voulez-vous toujours télécharger avec force?",
  "common.prompt.gistNewer": "Sync: Les paramètres dans Gist ont changé depuis votre dernier téléchargement. Voulez-vous quand même télécharger vos paramètres locaux actuels dans Gist?",
  "common.prompt.multipleGist": "Vous permet d'identifier les paramètres si vous avez plusieurs de gist.",
  "common.prompt.restartCode": "Voulez-vous recharger afin d'appliquer les extensions et les configurations?",
  "ext.config.autoDownload": "Changez la valeur à true pour télécharger automatiquement les paramètres lors du démarrage de VSCode. [Redémarrage de VSCode Nécessaire]",
  "ext.config.autoDownload.name": "Téléchargement Automatique",
  "ext.config.autoUpload": "Changez la valeur à true afin d'uploader automatiquement lors de modification des paramètres. [Redémarrage de VSCode Nécessaire]",
  "ext.config.forceDownload": "Changez la valeur à true si vous souhaitez télécharger les paramètres, même lorsque vous avez les derniers paramètres.",
  "ext.config.forceDownload.name": "Forcer Le Téléchargement",
  "ext.config.forceUpload": "Changez la valeur à true si vous souhaitez uploader les paramètres, même lorsque le GIST a de nouveaux paramètres.",
  "ext.config.forceUpload.name": "Forcer l'upload",
  "ext.config.gist": "GitHub GIST ID pour Settings Sync.",
  "ext.config.gist.name": "Gist ID",
  "ext.config.gist.placeholder": "Entrez Gist ID",
  "ext.config.host": "Changez la valeur à votre hôte GitHub Entreprise si vous souhaitez utiliser GHE.",
  "ext.config.lastDownload": "Settings Sync dernière date de téléchargement. Laissez vide si vous souhaitez télécharger manuellement.",
  "ext.config.lastUpload": "Settings Sync dernière date d'upload. Laissez vide si vous souhaitez uploader manuellement",
  "ext.config.pathPrefix": "Changez la valeur à votre GitHub Enterprise API préfixe si vous souhaitez utiliser GHE. Normalement '/api/v3'. Utilisé uniquement lorsque l'hôte est défini.",
  "ext.config.quietSync": "Lorsque la valeur est true, affiche le résultat dans la barre d'état au lieu de la page de résumé.",
  "ext.config.quietSync.name": "Sync silencieuse",
  "ext.config.removeExtensions": "Changez la valeur à false si vous ne voulez pas supprimer des extensions pendant le téléchargement.",
  "ext.config.removeExtensions.name": "Supprimer Des Extensions",
  "ext.config.syncExtensions": "Changez la valeur à false si vous ne voulez pas uploader/télécharger l'extensions.",
  "ext.config.syncExtensions.name": "Synchronisation Des Extensions",
  "ext.config.title": "Paramètres de configuration de la synchronisation des paramètres VSCode",
  "ext.globalConfig.askGistDescription.name": "Demande le nom du Gist",
  "ext.globalConfig.autoUploadDelay.name": "Délai de l'upload automatique",
  "ext.globalConfig.autoUploadDelay.placeholder": "Entrez le montant de secondes avant chaque upload automatique",
  "ext.globalConfig.downloadPublicGist.name": "Télécharger un Gist Public",
  "ext.globalConfig.gistDescription.name": "Description du Gist",
  "ext.globalConfig.gistDescription.placeholder": "Entrez un description du Gist",
  "ext.globalConfig.githubEnterpriseUrl.name": "GitHub Enterprise URL (facultatif)",
  "ext.globalConfig.githubEnterpriseUrl.placeholder": "Entrez GitHub Enterprise URL",
  "ext.globalConfig.hostName.name": "Nom d'hôte (facultatif)",
  "ext.globalConfig.hostName.placeholder": "Entrez Le Nom D'Hôte",
  "ext.globalConfig.ignoreExtensions.name": "Ignorer Des Extensions",
  "ext.globalConfig.ignoreExtensions.placeholder": "Entrez une extension par ligne (nom complet)",
  "ext.globalConfig.ignoreUploadFiles.name": "Fichiers Ignorés",
  "ext.globalConfig.ignoreUploadFiles.placeholder": "Entrez un fichier par ligne",
  "ext.globalConfig.ignoreUploadFolders.name": "Ignorer Des Dossiers",
  "ext.globalConfig.ignoredUploadFolders.placeholder": "Entrez un dossier par ligne",
  "ext.globalConfig.openTokenLink.name": "Ouvrir Le Lien vers le Token",
  "ext.globalConfig.supportedFileExtensions.name": "Extensions de fichier pris en charge",
  "ext.globalConfig.supportedFileExtensions.placeholder": "Saisissez une extension de fichier par ligne",
  "ext.globalConfig.token.name": "Token D'Accès",
  "ext.globalConfig.token.placeholder": "Entrez un Token"
}
