{
  "cmd.downloadSettings.error.removeExtFail": "Sincronización: no se puede eliminar algunas de las extensiones.",
  "cmd.downloadSettings.error.unableSave": "Sincronización: no se puede guardar la configuración de la extensión de archivo.",
  "cmd.downloadSettings.info.downloaded": "Sincronización: Descarga Completa.",
  "cmd.downloadSettings.info.gotLatestVersion": "Sincronización: ya tienes la última versión de la configuración guardada.",
  "cmd.downloadSettings.info.readdingOnline": "Sincronización: Ajustes De Lectura En Línea.",
  "cmd.downloadSettings.title": "Sincronización: La Configuración De Descarga",
  "cmd.howSetting.title": "Sincronización: Cómo Configurar",
  "cmd.otherOptions.customizedSync": "Sincronización: Añadir Personalizado de Sincronización ruta de acceso del Archivo",
  "cmd.otherOptions.customizedSync.done": "Sincronización: {0} ha sido registrado.",
  "cmd.otherOptions.customizedSync.placeholder": "Escriba una ruta de acceso absoluta de los adicionales de archivo cargado.",
  "cmd.otherOptions.customizedSync.prompt": "(ex. /ruta/a/.eslintrc) será cargado y descargado en la ruta de acceso especificada.",
  "cmd.otherOptions.downloadCustomFile": "Sincronización: Importación Personalizada de Sincronización de Archivo de área de trabajo",
  "cmd.otherOptions.downloadCustomFile.done": "Descargar {0}.",
  "cmd.otherOptions.downloadCustomFile.placeholder": "Seleccione el archivo que desea descargar a la raíz del espacio de trabajo que usted está trabajando.",
  "cmd.otherOptions.downloadSetting": "Sincronización: la Configuración de Descarga de Público ESENCIAL",
  "cmd.otherOptions.editLocalSetting": "Sincronización: Editar La Extensión De La Configuración Local",
  "cmd.otherOptions.error.toggleFail": "Sincronización: no se puede Alternar.",
  "cmd.otherOptions.joinCommunity": "Sincronización: Únete A La Comunidad",
  "cmd.otherOptions.openIssue": "Sincronización: Tema Abierto",
  "cmd.otherOptions.openSettingsPage": "Sincronización: Abrir La Configuración",
  "cmd.otherOptions.preserve": "Sincronización: Preservar La Configuración De Dejar De Reemplazar Después De La Descarga",
  "cmd.otherOptions.preserve.info.done1": "Sincronización: Hecho. {0} valor será eliminado de la configuración.json después de la descarga.",
  "cmd.otherOptions.preserve.info.done2": "Sincronización: Hecho. Extensión mantendrá {0}: {1} en el establecimiento.json después de la descarga.",
  "cmd.otherOptions.preserve.placeholder": "Introduzca cualquier Tecla de ajustes.json para preservar.",
  "cmd.otherOptions.preserve.prompt": "Ejemplo: Escribir 'http.proxy' => tienda de este equipo proxy y sobrescribir , si el conjunto vacío va a quitar el proxy.",
  "cmd.otherOptions.quietSync.off": "Sincronización: Resumen se muestra en la carga/descarga.",
  "cmd.otherOptions.quietSync.on": "Sincronización: barra de Estado será actualizado previa de carga/descarga.",
  "cmd.otherOptions.releaseNotes": "Sincronización: Notas De La Versión",
  "cmd.otherOptions.shareSetting": "Sincronización: Compartir valores con Público ESENCIAL",
  "cmd.otherOptions.shareSetting.beforeConfirm": "Sincronización: Esto eliminará actual GIST y cargar la configuración en el nuevo público ESENCIAL. ¿Desea continuar?",
  "cmd.otherOptions.title": "Sincronización: Opciones Avanzadas",
  "cmd.otherOptions.toggleAutoDownload": "Sincronización: Activar La Descarga Automática En El Arranque",
  "cmd.otherOptions.toggleAutoDownload.off": "Sincronización: Descarga Automática DESACTIVADA en VSCode de Inicio.",
  "cmd.otherOptions.toggleAutoDownload.on": "Sincronización: Descarga Automática activada después DE VSCode de Inicio.",
  "cmd.otherOptions.toggleAutoUpload": "Sincronización: Activar Auto-Cargar En La Configuración De Cambio",
  "cmd.otherOptions.toggleAutoUpload.off": "Sincronización: carga Automática de Cambio de Configuración de Apagado.",
  "cmd.otherOptions.toggleAutoUpload.on": "Sincronización: carga Automática de Cambio de Configuración de Encendido. Esto tendrá efecto después de reiniciar.",
  "cmd.otherOptions.toggleForceDownload": "Sincronización: Alternar La Fuerza De Descarga",
  "cmd.otherOptions.toggleForceDownload.off": "Sincronización: La Fuerza De La Descarga De Apagado.",
  "cmd.otherOptions.toggleForceDownload.on": "Sincronización: La Fuerza De La Descarga De Encendido.",
  "cmd.otherOptions.toggleForceUpload": "Sincronización: Alternar La Fuerza De Carga",
  "cmd.otherOptions.toggleForceUpload.off": "Sincronización: La Fuerza De Cargar Apagado.",
  "cmd.otherOptions.toggleForceUpload.on": "Sincronización: La Fuerza De Carga Encendido.",
  "cmd.otherOptions.toggleSummaryPage": "Sincronización: Alternar Mostrar La Página De Resumen En La Carga/Descarga",
  "cmd.otherOptions.triggerReset": "Sincronización: ¿desea restablecer la configuración ?",
  "cmd.otherOptions.warning.tokenNotRequire": "Sincronización: Ajustes de Sincronización de no pedir GitHub Token a partir de ahora.",
  "cmd.resetSettings.info.resetting": "Sincronización: Al Restablecer Su Configuración.",
  "cmd.resetSettings.info.settingClear": "Sincronización: La Configuración Se Borra.",
  "cmd.resetSettings.title": "Sincronización: Restablecer La Configuración De La Extensión",
  "cmd.updateSettings.error.gistNotSave": "Sincronización: los GIST NO se GUARDAN",
  "cmd.updateSettings.error.newGistCreateFail": "Sincronización: no se puede crear el Gist.",
  "cmd.updateSettings.error.readGistFail": "Sincronización: GIST ID: {0} no se puede LEER.",
  "cmd.updateSettings.info.gotLatestVersion": "Sincronización: Ya has subido la última versión de la configuración guardada.",
  "cmd.updateSettings.info.newGistCreated": "Sincronización: Nueva esencia creada.",
  "cmd.updateSettings.info.readding": "Sincronización: Ajustes de Lectura y Extensiones.",
  "cmd.updateSettings.info.shareGist": "Sincronización: Compartir la Identificación con otros usuarios de la extensión para compartir la configuración.",
  "cmd.updateSettings.info.uploadCanceled": "Sincronización: El Proceso De Carga De Cancelado.",
  "cmd.updateSettings.info.uploading": "Sincronización: Cargar/Actualizar La Configuración En GitHub.",
  "cmd.updateSettings.info.uploadingDone": "Sincronización: Carga Completa. GIST ID: {0}. Por favor, copiar y utilizar este ID en otras máquinas para la configuración de descarga.",
  "cmd.updateSettings.info.uploadingFile": "Sincronización: La Carga De Archivos De Datos.",
  "cmd.updateSettings.info.uploadingSuccess": "Sincronización: Se Cargó Correctamente.",
  "cmd.updateSettings.title": "Sincronización: Actualización/Cargar La Configuración De",
  "cmd.updateSettings.warning.OSNotSupported": "Sincronización de Pragma OS valor {0} no se admite en la línea {1}",
  "cmd.updateSettings.warning.noToken": "Sincronización: Conjunto de GitHub Token o desactivar el downloadPublicGist' desde el local de la configuración de Sincronización de archivos.",
  "common.action.donate": "Dona Ahora",
  "common.action.joinCommunity": "Únete A La Comunidad",
  "common.action.openExtPage": "Abra La Extensión De La Página",
  "common.action.openExtTutorial": "Abra Tutorial",
  "common.action.releaseNotes": "Notas De La Versión",
  "common.action.support": "Apoyar Este Proyecto",
  "common.action.writeReview": "Escribe Una Reseña",
  "common.button.no": "No",
  "common.button.yes": "Sí",
  "common.error.canNotSave": "Sincronización: no se puede Guardar la Configuración. Por favor, asegúrese de que usted tiene válido JSON configuración.archivo json. (por ejemplo: No comas finales)",
  "common.error.connection": "Sincronización: Internet No está Conectado o no se puede Conectar a GitHub. La excepción se Registra en la Consola",
  "common.error.gistNotSave": "Sincronización: Los Gist No Se Guardan.",
  "common.error.invalidGistId": "Sincronización: No Válido Gist Id Introducido. Compruebe su esencia: https://gist.github.com/<su_nombreusuario>/<gist_id>.",
  "common.error.invalidToken": "Sincronización: No Válido O Caducado GitHub Token. Por favor, generar nuevas token con los ámbitos mencionados en el archivo léame. La excepción se Registra en la Consola.",
  "common.error.message": "Sincronización: Error Registrado En la Consola (menú Ayuda > Activar Herramientas de Desarrollador).",
  "common.error.tokenNotSave": "Sincronización: Token No Se Guardan.",
  "common.info.donate": "Sincronización: ¿te gusta esta extensión? Acerca de cómo escribir una reseña o el envío de una donación? ",
  "common.info.excludeFile": "Sincronización: puede excluir cualquier archivo/carpeta para la carga y la configuración de descarga.",
  "common.info.gistSaved": "Sincronización: Gist Guardado",
  "common.info.initAutoUpload": "Sincronización: Carga Automática De Iniciar En {0} Segundos.",
  "common.info.installed": "Sincronización: Ajustes creado, gracias por la instalación!",
  "common.info.needHelp": "Sincronización: Necesita Ayuda para configurar esta extensión?",
  "common.info.setToken": "Sincronización: Ahora Usted puede configurar su GitHub token manualmente en `syncLocalSettings.json`",
  "common.info.tokenSaved": "Sincronización: Token Guardado",
  "common.info.updateTo": "Sincronización: Actualizado a la v{0}",
  "common.info.updating": "Sincronización: Actualización En Progreso... Por Favor Espere.",
  "common.placeholder.enterGistId": "Entrar En Esencia Id",
  "common.placeholder.enterGithubAccessToken": "Entrar En GitHub Personal Token De Acceso",
  "common.placeholder.multipleGist": "Gist Nombre (por ejemplo: la Configuración Personal)",
  "common.prompt.enterGistId": "Introduzca Esencia de Identificación de cargado previamente la configuración. También puede configurar manualmente en el código de configuración (sincronización.gist). Pulse [Enter] o [Esc] para cancelar.",
  "common.prompt.enterGithubAccessToken": "Usted también agregar manualmente un símbolo (token) de la Carpeta de Usuario/syncLocalSettings.json). Pulse [Enter] o [Esc] para cancelar.",
  "common.prompt.gistForceUpload": "Sincronización: La carga reemplazará la configuración en GitHub Gist. Considere descargar la configuración o realizar una carga forzada. ¿Todavía quieres subir con fuerza?",
  "common.prompt.gistNewer": "Sincronización: La configuración de Gist ha cambiado desde la última vez que la descargó. ¿Desea cargar su configuración local actual a Gist de todos modos?",
  "common.prompt.multipleGist": "Permite identificar las opciones de configuración si tiene varios gist.",
  "common.prompt.restartCode": "¿Desea volver a cargar para aplicar extensiones y configuraciones?",
  "ext.config.autoDownload": "Conjunto es cierto para Descargar automáticamente los ajustes en el código de inicio. [Código Necesario Reiniciar]",
  "ext.config.autoDownload.name": "Descarga Automática",
  "ext.config.autoUpload": "Conjunto es cierto para Carga Automática en la configuración de cambio. [Código Necesario Reiniciar]",
  "ext.config.autoUpload.name": "Carga Automática",
  "ext.config.forceDownload": "Se establece en true si desea descargar los ajustes, incluso cuando se tiene la configuración más reciente.",
  "ext.config.forceDownload.name": "La Fuerza De La Descarga",
  "ext.config.forceUpload": "Se establece en true si desea cargar la configuración incluso cuando la ESENCIA tiene una configuración nueva.",
  "ext.config.forceUpload.name": "Fuerza De Carga",
  "ext.config.gist": "GitHub ESENCIA de IDENTIFICACIÓN para la Configuración de Sincronización.",
  "ext.config.gist.name": "Gist ID",
  "ext.config.gist.placeholder": "Entrar en Esencia ID",
  "ext.config.host": "Establece a su GitHub Enterprise host si desea utilizar GHE.",
  "ext.config.lastDownload": "La configuración de Sincronización de la última fecha de descarga. Establecer como vacío si desea manualmente golpe de descarga.",
  "ext.config.lastUpload": "La configuración de Sincronización de la última fecha de subida. Establecer como vacío si desea manualmente golpe de descarga.",
  "ext.config.pathPrefix": "Establece a su GitHub Enterprise API prefijo si desea utilizar GHE. Normalmente '/api/v3'. Sólo se utiliza cuando el host está configurado.",
  "ext.config.quietSync": "Cuando se establece en true, se mostrará el resultado en la barra de estado en lugar de la página de resumen.",
  "ext.config.quietSync.name": "Tranquilo Sync",
  "ext.config.removeExtensions": "Establece en false si no desea eliminar extensiones, mientras que la descarga.",
  "ext.config.removeExtensions.name": "Quitar Las Extensiones De",
  "ext.config.syncExtensions": "Establece en false si usted no desea cargar/descargar las extensiones.",
  "ext.config.syncExtensions.name": "Sincronización De Extensiones",
  "ext.config.title": "Código De Configuración De La Configuración De Sincronización De La Configuración De",
  "ext.globalConfig.askGistDescription.name": "Pida A Los Gist Nombre",
  "ext.globalConfig.autoUploadDelay.name": "Carga Automática De Retardo",
  "ext.globalConfig.autoUploadDelay.placeholder": "Ingrese la cantidad de segundos de retardo de auto-carga",
  "ext.globalConfig.downloadPublicGist.name": "Descargar Público Esencial",
  "ext.globalConfig.gistDescription.name": "Gist Descripción",
  "ext.globalConfig.gistDescription.placeholder": "Entrar En Esencia Descripción",
  "ext.globalConfig.githubEnterpriseUrl.name": "GitHub Enterprise URL (opcional)",
  "ext.globalConfig.githubEnterpriseUrl.placeholder": "Entrar en GitHub Enterprise URL",
  "ext.globalConfig.hostName.name": "Nombre de host (opcional)",
  "ext.globalConfig.hostName.placeholder": "Introduzca Nombre De Host",
  "ext.globalConfig.ignoreExtensions.name": "Ignorado Extensiones",
  "ext.globalConfig.ignoreExtensions.placeholder": "Introduzca una extensión por línea (nombre completo)",
  "ext.globalConfig.ignoreUploadFiles.name": "Archivos Ignorados",
  "ext.globalConfig.ignoreUploadFiles.placeholder": "Introduzca un archivo por línea",
  "ext.globalConfig.ignoreUploadFolders.name": "Ignorado Carpetas",
  "ext.globalConfig.ignoredUploadFolders.placeholder": "Entrar en una carpeta por cada línea",
  "ext.globalConfig.openTokenLink.name": "Abierto Token De Enlace",
  "ext.globalConfig.supportedFileExtensions.name": "Las Extensiones De Archivo",
  "ext.globalConfig.supportedFileExtensions.placeholder": "Introduzca una extensión de archivo por línea",
  "ext.globalConfig.token.name": "Token De Acceso",
  "ext.globalConfig.token.placeholder": "Introduzca Token"
}