{
  "ext.config.title": "Code Settings Sync の設定",
  "ext.config.gist": "Settings Sync で使用する GitHub Gist ID",
  "ext.config.lastUpload": "Settings Sync の最新アップロード日。手動でダウンロードする場合は空にしてください",
  "ext.config.lastDownload": "Settings Sync の最新ダウンロード日。手動でダウンロードする場合は空にしてください",
  "ext.config.autoDownload": "VSCode 起動時に設定を自動でダウンロードします。[VSCode の再起動が必要です]",
  "ext.config.autoUpload": "設定変更時に自動でアップロードします。[VSCode の再起動が必要です]",
  "ext.config.forceDownload": "最新の設定が既に存在する場合でも強制的に設定をダウンロードします",
  "ext.config.forceUpload": "Gist に新しい設定が存在する場合でも強制的に設定をアップロードします",
  "ext.config.host": "GHE を使用する場合は GitHub Enterprise のホストを設定してください",
  "ext.config.pathPrefix": "GHE を使用する場合は GitHub Enterprise API のプレフィックスを設定してください。通常は '/api/v3' です。ホストが設定されている場合にのみ使用されます",
  "ext.config.quietSync": "結果をサマリーページではなくステータスバーに表示します",
  "ext.config.removeExtensions": "ダウンロード中に拡張機能を削除します",
  "ext.config.syncExtensions": "拡張機能をアップロード・ダウンロードします",
  "cmd.howSetting.title": "Sync: Settings Sync の設定方法を参照",
  "cmd.updateSettings.title": "Sync: アップデート・アップロードの設定",
  "cmd.updateSettings.info.uploading": "Sync: GitHub の設定をアップデート・アップロードしています",
  "cmd.updateSettings.info.uploadingFile": "Sync: ファイルのデータをアップロードしています",
  "cmd.updateSettings.info.uploadingDone": "Sync: アップロード完了。Gist ID: {0}。設定をダウンロードするには、この ID を他のマシンにコピーして使用してください",
  "cmd.updateSettings.info.uploadingSuccess": "Sync: アップロード完了",
  "cmd.updateSettings.info.shareGist": "Sync: 設定を他のユーザに共有するには ID を共有してください",
  "cmd.updateSettings.info.readding": "Sync: 設定を拡張機能を読み込んでいます",
  "cmd.updateSettings.info.uploadCanceled": "Sync: アップロードがキャンセルされました",
  "cmd.updateSettings.info.newGistCreated": "Sync: 新規 Gist を作成しました",
  "cmd.updateSettings.info.gotLatestVersion": "Sync: 保存済み設定の最新バージョンはすでにアップロードされています。",
  "cmd.updateSettings.warning.noToken": "Sync: GitHub トークンを設定するか、ローカルの同期設定ファイルから 'downloadPublicGist' を無効にしてください",
  "cmd.updateSettings.warning.OSNotSupported": "Sync: {1} 行目の値 {0} はサポートされていません",
  "cmd.updateSettings.error.newGistCreateFail": "Sync: Gist を作成できません",
  "cmd.updateSettings.error.readGistFail": "Sync: Gist ID: {0} を読み込めません",
  "cmd.updateSettings.error.gistNotSave": "Sync: Gist が保存されていません",
  "cmd.downloadSettings.title": "Sync: 設定をダウンロード",
  "cmd.downloadSettings.info.downloaded": "Sync: ダウンロードが完了しました",
  "cmd.downloadSettings.info.readdingOnline": "Sync: 設定をオンラインから読み込んでいます",
  "cmd.downloadSettings.info.gotLatestVersion": "Sync: 既に最新の設定に更新されています",
  "cmd.downloadSettings.error.removeExtFail": "Sync: 削除できない拡張機能があります",
  "cmd.downloadSettings.error.unableSave": "Sync: 拡張機能の設定ファイルを保存できません",
  "cmd.resetSettings.title": "Sync: 拡張機能の設定を初期化",
  "cmd.resetSettings.info.resetting": "Sync: 設定をリセットしています",
  "cmd.resetSettings.info.settingClear": "Sync: 設定をクリアしました",
  "cmd.otherOptions.title": "Sync: 高度なオプション",
  "cmd.otherOptions.openSettingsPage": "Sync: 設定を開く",
  "cmd.otherOptions.editLocalSetting": "Sync: 拡張機能のローカル設定を編集",
  "cmd.otherOptions.shareSetting": "Sync: Public Gist の共有設定",
  "cmd.otherOptions.shareSetting.beforeConfirm": "Sync: 現在の Gist が削除され、新規の Public Gist に設定がアップロードされます。続けますか？",
  "cmd.otherOptions.downloadSetting": "Sync: Public Gist から設定をダウンロードします",
  "cmd.otherOptions.toggleForceDownload": "Sync: 強制ダウンロード機能の切り替え",
  "cmd.otherOptions.toggleForceDownload.on": "Sync: 強制的にダウンロードします",
  "cmd.otherOptions.toggleForceDownload.off": "Sync: 強制的にダウンロードしません",
  "cmd.otherOptions.toggleForceUpload": "Sync: 強制アップロード機能の切り替え",
  "cmd.otherOptions.toggleForceUpload.on": "Sync: 強制的にアップロードします",
  "cmd.otherOptions.toggleForceUpload.off": "Sync: 強制的にアップロードしません",
  "cmd.otherOptions.toggleAutoUpload": "Sync: 設定変更時の自動アップロード機能の切り替え",
  "cmd.otherOptions.toggleAutoUpload.on": "Sync: 設定変更時に設定を自動アップロードします。[VSCode の再起動が必要です]",
  "cmd.otherOptions.toggleAutoUpload.off": "Sync: 設定変更時に設定を自動アップロードしません",
  "cmd.otherOptions.toggleAutoDownload": "Sync: 起動時の自動ダウンロード機能の切り替え",
  "cmd.otherOptions.toggleAutoDownload.on": "Sync: VSCode を起動時に設定を自動ダウンロードする",
  "cmd.otherOptions.toggleAutoDownload.off": "Sync: VSCode を起動時に設定を自動ダウンロードしない",
  "cmd.otherOptions.toggleSummaryPage": "Sync: アップロード・ダウンロード時の概要画面表示の切り替え",
  "cmd.otherOptions.preserve": "Sync: ダウンロード後の上書きを禁止する設定を保持する",
  "cmd.otherOptions.preserve.placeholder": "Sync: 設定を保持するために settings.json から任意のキーを入力してください",
  "cmd.otherOptions.preserve.prompt": "Sync: 例: 'http.proxy' と入力することでこのコンピュータのプロキシを保存して上書きします。空の場合プロキシが削除されます",
  "cmd.otherOptions.preserve.info.done1": "Sync: 同期完了。ダウンロード後に {0} の値は settings.json から削除されます",
  "cmd.otherOptions.preserve.info.done2": "Sync: 同期完了。ダウンロード後に拡張機能は {0}:{1} を settings.json に保持します",
  "cmd.otherOptions.customizedSync": "Sync: カスタム同期ファイルのパスを追加",
  "cmd.otherOptions.customizedSync.placeholder": "Sync: 追加でアップロードするファイルの絶対パスを入力してください",
  "cmd.otherOptions.customizedSync.prompt": "(例: /path/to/.eslintrc) は指定されたパスにアップロード・ダウンロードされます",
  "cmd.otherOptions.customizedSync.done": "Sync: {0} が登録されています",
  "cmd.otherOptions.downloadCustomFile": "Sync: カスタム同期ファイルをワークスペースに挿入します",
  "cmd.otherOptions.downloadCustomFile.placeholder": "Sync: 作業中のワークスペースのルートにダウンロードするファイルを選択してください",
  "cmd.otherOptions.downloadCustomFile.done": "Sync: {0} をダウンロードしました",
  "cmd.otherOptions.joinCommunity": "Sync: コミュニティに参加",
  "cmd.otherOptions.openIssue": "Sync: Issue を開く",
  "cmd.otherOptions.releaseNotes": "Sync: リリースノート",
  "cmd.otherOptions.quietSync.on": "Sync: ステータスバーはダウンロード・アップロード時に更新されます．",
  "cmd.otherOptions.quietSync.off": "Sync: ダウンロード・アップロード時に概要が表示されます",
  "cmd.otherOptions.warning.tokenNotRequire": "Sync: Settings Sync は今後 GitHub トークンを要求しません",
  "cmd.otherOptions.error.toggleFail": "Sync: 切り替えができません",
  "cmd.otherOptions.triggerReset": "Sync: 設定をリセットしますか？",
  "common.info.installed": "Sync: 設定を生成しました。インストールありがとうございます！",
  "common.info.needHelp": "Sync: この拡張機能の設定に関するヘルプが必要ですか？",
  "common.info.excludeFile": "Sync: 任意のアップロードするのファイル・フォルダとダウンロードする設定を除外",
  "common.info.updating": "Sync: アップデート中です。お待ちください",
  "common.info.initAutoUpload": "Sync: 自動アップロードは {0} 秒以内に開始されました",
  "common.info.setToken": "Sync: 'syncLocalSettings.json' 内で手動で GitHub トークンを設定できます",
  "common.info.tokenSaved": "Sync: トークンが保存されました",
  "common.info.gistSaved": "Sync: Gist は保存されました",
  "common.info.updateTo": "Sync: v{0} にアップデートしました",
  "common.info.donate": "Sync: この拡張機能は気に入りましたか？レビューを書いたり寄付を送ったりしませんか？",
  "common.error.message": "Sync: コンソールのログインエラー ([ヘルプ] > [開発者ツールの切り替え])",
  "common.error.connection": "Sync: インターネットに接続されていないため GitHub に接続できません。コンソールにログが記録されています",
  "common.error.canNotSave": "Sync: 設定を保存できません。settings.json が有効であるか確認してください (例: 末尾のカンマは不要です)",
  "common.error.invalidToken": "Sync: GitHub トークンは無効または期限切れです。README に記載されているスコープで新規トークンを発行してください。コンソールにログが記録されています",
  "common.error.invalidGistId": "Sync: Gist ID が無効です。Gist を確認してください: https://gist.github.com/<your_userName>/<gist_id>",
  "common.error.tokenNotSave": "Sync: トークンが保存されていません",
  "common.error.gistNotSave": "Sync: Gist が保存されていません",
  "common.action.openExtPage": "拡張機能のページを開く",
  "common.action.openExtTutorial": "ターミナルを開く",
  "common.action.releaseNotes": "リリースノート",
  "common.action.writeReview": "レビューを書く",
  "common.action.support": "このプロジェクトを支援",
  "common.action.joinCommunity": "コミュニティに参加する",
  "common.action.donate": "寄付する",
  "common.placeholder.enterGithubAccessToken": "GitHub Personl Access Token を入力してください",
  "common.placeholder.enterGistId": "Gist ID を入力してください",
  "common.placeholder.multipleGist": "Gist Name (例: Personal Settings)",
  "common.prompt.multipleGist": "Gist が複数ある場合、個別に設定できます",
  "common.prompt.enterGistId": "以前にアップロードした設定から Gist ID を入力してください。VSCode Settings (sync.gist) で手動で設定することもできます。キャンセルするには [Enter] または [Esc] キーを押してください",
  "common.prompt.enterGithubAccessToken": "手動でトークンを追加することができます (User Folder/syncLocalSettings.json)。キャンセルするには [Enter] または [Esc] キーを押してください",
  "common.prompt.restartCode": "拡張機能と設定を適用するためにリロードしますか？",
  "common.prompt.gistForceUpload": "Sync: アップロードにより、GitHub Gistの設定が置き換えられます。 設定をダウンロードするか、強制アップロードを行うことを検討してください。 それでも強制的にアップロードしますか？",
  "common.prompt.gistNewer": "Sync: Gistの設定は、最後にダウンロードしてから変更されています。 とにかく、現在のローカル設定をGistにアップロードしますか？",
  "common.button.no": "番号",
  "common.button.yes": "はい",
  "ext.globalConfig.token.name": "アクセストークン",
  "ext.globalConfig.token.placeholder": "トークンを入力してください",
  "ext.globalConfig.githubEnterpriseUrl.name": "GitHub Enterprise の URL (オプション)",
  "ext.globalConfig.githubEnterpriseUrl.placeholder": "GitHub Enterprise の URL を入力してください",
  "ext.globalConfig.ignoreUploadFolders.name": "フォルダを無視",
  "ext.globalConfig.ignoredUploadFolders.placeholder": "1行に1つのフォルダ名を入力してください",
  "ext.globalConfig.ignoreExtensions.name": "拡張子を無視",
  "ext.globalConfig.ignoreExtensions.placeholder": "1行に1つの拡張機能名をフルネームで入力してください",
  "ext.globalConfig.hostName.name": "ホスト名 (オプション)",
  "ext.globalConfig.hostName.placeholder": "ホスト名を入力してください",
  "ext.globalConfig.ignoreUploadFiles.name": "ファイルを無視",
  "ext.globalConfig.ignoreUploadFiles.placeholder": "1行に1つのファイル名を入力してください",
  "ext.globalConfig.supportedFileExtensions.name": "サポートされているファイルの拡張子",
  "ext.globalConfig.supportedFileExtensions.placeholder": "1行に1つの拡張子を入力してください",
  "ext.globalConfig.gistDescription.name": "Gist の説明",
  "ext.globalConfig.gistDescription.placeholder": "Gist の説明を入力してください",
  "ext.globalConfig.autoUploadDelay.name": "自動アップロードの遅延",
  "ext.globalConfig.autoUploadDelay.placeholder": "自動アップロードの遅延時間 (秒) を入力してください",
  "ext.globalConfig.askGistDescription.name": "Gist Name の確認",
  "ext.globalConfig.downloadPublicGist.name": "公開 Gist のダウンロード",
  "ext.globalConfig.openTokenLink.name": "トークンのリンクを開く",
  "ext.config.gist.name": "Gist ID",
  "ext.config.gist.placeholder": "Gist ID を入力してください",
  "ext.config.autoDownload.name": "自動ダウンロード",
  "ext.config.autoUpload.name": "自動アップロード",
  "ext.config.forceDownload.name": "強制ダウンロード",
  "ext.config.forceUpload.name": "強制アップロード",
  "ext.config.quietSync.name": "出力抑制同期",
  "ext.config.removeExtensions.name": "拡張機能の削除",
  "ext.config.syncExtensions.name": "拡張機能の同期"
}
