{
  "cmd.downloadSettings.error.removeExtFail": "Sync: Не удалось удалить некоторые расширения.",
  "cmd.downloadSettings.error.unableSave": "Sync: Не удалось сохранить файл настроек расширения.",
  "cmd.downloadSettings.info.downloaded": "Sync: Загрузка завершена",
  "cmd.downloadSettings.info.gotLatestVersion": "Sync: У Вас уже установлена последняя версия сохраненных настроек.",
  "cmd.downloadSettings.info.readdingOnline": "Sync: Чтение удаленных настроек.",
  "cmd.downloadSettings.title": "Sync: Скачать настройки",
  "cmd.howSetting.title": "Sync: Инструкция по настройке",
  "cmd.otherOptions.customizedSync": "Sync: Добавить путь для синхронизации файлов",
  "cmd.otherOptions.customizedSync.done": "Sync: Файл {0} был зарегистрирован.",
  "cmd.otherOptions.customizedSync.placeholder": "Введите абсолютный путь к дополнительно загружаемому файлу.",
  "cmd.otherOptions.customizedSync.prompt": "(прим.: /путь/к/.eslintrc) этот файл будет синхронизирован",
  "cmd.otherOptions.downloadCustomFile": "Sync: Импортировать другой файл настроек в рабочей области",
  "cmd.otherOptions.downloadCustomFile.done": "{0} скачен.",
  "cmd.otherOptions.downloadCustomFile.placeholder": "Выберите файл, который Вы хотите скачать в корневой каталог активной рабочей области.",
  "cmd.otherOptions.downloadSetting": "Sync: Скачать настройки из публичного Gist",
  "cmd.otherOptions.editLocalSetting": "Sync: Редактирование параметров синхронизации на этом устройстве",
  "cmd.otherOptions.error.toggleFail": "Sync: Не удалось изменить значение.",
  "cmd.otherOptions.joinCommunity": "Присоединиться к сообществу",
  "cmd.otherOptions.openIssue": "Sync: Создать issue",
  "cmd.otherOptions.openSettingsPage": "Sync: Открыть Параметры",
  "cmd.otherOptions.preserve": "Sync: Сохранить локальные значения настроек при скачивании удаленных настроек",
  "cmd.otherOptions.preserve.info.done1": "Синхронизации: Готово. {0} значение будет удалено из settings.json после синхронизации.",
  "cmd.otherOptions.preserve.info.done2": "Синхронизации: Готово. Будет сохранено {0}: {1} в settings.json после синхронизации.",
  "cmd.otherOptions.preserve.placeholder": "Введите ключ из settings.json для сохранения локального значения настройки.",
  "cmd.otherOptions.preserve.prompt": "Пример: Введите 'http.proxy' => сохранит локальную настройку прокси при синхронизации.",
  "cmd.otherOptions.quietSync.off": "Sync: Результат синхронизации будет показан после завершения операции.",
  "cmd.otherOptions.quietSync.on": "Sync: Строка состояния будет обновляться во время синхронизации.",
  "cmd.otherOptions.releaseNotes": "Sync: Примечания к выпуску",
  "cmd.otherOptions.shareSetting": "Sync: Поделиться настройками при помощи публичного Gist",
  "cmd.otherOptions.shareSetting.beforeConfirm": "Sync: Это удалит текущий Gist и загрузит настройки в новый публичный Gist. Вы действительно хотите продолжить?",
  "cmd.otherOptions.title": "Sync: Дополнительные Параметры",
  "cmd.otherOptions.toggleAutoDownload": "Sync: Вкл./выкл. автоматическое скачивание настроек при загрузке приложения",
  "cmd.otherOptions.toggleAutoDownload.off": "Sync: Автоматическое скачивание настроек при запуске VSCode отключено.",
  "cmd.otherOptions.toggleAutoDownload.on": "Sync: Автоматическое скачивание настроек при запуске VSCode включено.",
  "cmd.otherOptions.toggleAutoUpload": "Sync: Вкл./выкл. автоматическую загрузку настроек при изменении параметров",
  "cmd.otherOptions.toggleAutoUpload.off": "Sync: Автоматическая загрузка при изменении параметров отключена.",
  "cmd.otherOptions.toggleAutoUpload.on": "Sync: Автоматическая загрузка при изменении параметров включена. Изменения вступят в силу после перезагрузки VSCode.",
  "cmd.otherOptions.toggleForceDownload": "Sync: Вкл./выкл. принудительное скачивание настроек",
  "cmd.otherOptions.toggleForceDownload.off": "Sync: Принудительное скачивание отключено.",
  "cmd.otherOptions.toggleForceDownload.on": "Sync: Принудительное скачивание включено.",
  "cmd.otherOptions.toggleForceUpload": "Sync: Вкл./выкл. принудительную загрузку",
  "cmd.otherOptions.toggleForceUpload.off": "Sync: Принудительная загрузка отключена.",
  "cmd.otherOptions.toggleForceUpload.on": "Sync: Принудительная загрузка включена.",
  "cmd.otherOptions.toggleSummaryPage": "Sync: Вкл./выкл. показ страницы результата скачивания/загрузки настроек",
  "cmd.otherOptions.triggerReset": "Sync: Сбросить настройки синхронизации?",
  "cmd.otherOptions.warning.tokenNotRequire": "Sync: Настройки синхронизации больше не будут требовать токен GitHub.",
  "cmd.resetSettings.info.resetting": "Sync: Сброс Настроек.",
  "cmd.resetSettings.info.settingClear": "Sync: Настройки Сброшены.",
  "cmd.resetSettings.title": "Sync: Сброс настроек синхронизации",
  "cmd.updateSettings.error.gistNotSave": "Sync: Gist не сохранен",
  "cmd.updateSettings.error.newGistCreateFail": "Sync: Не удалось создать Gist.",
  "cmd.updateSettings.error.readGistFail": "Sync: Не удалось прочитать Gist ID {0}.",
  "cmd.updateSettings.info.gotLatestVersion": "Sync: Вы уже загрузили последнюю версию сохраненных настроек.",
  "cmd.updateSettings.info.newGistCreated": "Sync: Создан новый Gist.",
  "cmd.updateSettings.info.readding": "Sync: Чтение настроек и расширений.",
  "cmd.updateSettings.info.shareGist": "Sync: Поделиться настройками с другими пользователями расширения, отправив ID.",
  "cmd.updateSettings.info.uploadCanceled": "Sync: Загрузка отменена.",
  "cmd.updateSettings.info.uploading": "Sync: Загрузка/обновление настроек в GitHub.",
  "cmd.updateSettings.info.uploadingDone": "Sync: Загрузка Завершена. Gist ID: {0}. Пожалуйста, скопируйте и используйте этот идентификатор на других устройствах для синхронизации настроек.",
  "cmd.updateSettings.info.uploadingFile": "Sync: Загрузка файлов данных.",
  "cmd.updateSettings.info.uploadingSuccess": "Sync: Успешная загрузка.",
  "cmd.updateSettings.title": "Sync: Загрузить/обновить настройки.",
  "cmd.updateSettings.warning.OSNotSupported": "Sync: Значение Pragma OS {0} в строке {1} не поддерживается",
  "cmd.updateSettings.warning.noToken": "Sync: Введите токен GitHub или отключите настройку 'downloadPublicGist' в настройках.",
  "common.action.donate": "Пожертвовать",
  "common.action.joinCommunity": "Присоединяйтесь к сообществу",
  "common.action.openExtPage": "Открыть страницу расширения",
  "common.action.openExtTutorial": "Открыть руководство пользователя",
  "common.action.releaseNotes": "Информация о выпуске",
  "common.action.support": "Поддержать проект",
  "common.action.writeReview": "Написать отзыв",
  "common.button.no": "нет",
  "common.button.yes": "Да",
  "common.error.canNotSave": "Sync: Не удалось сохранить настройки. Пожалуйста, убедитесь в корректности файла `settings.json`. (Например, проверьте на отсутствие завершающих запятых)",
  "common.error.connection": "Sync: Интернет не подключен или невозможно подключиться к GitHub. Ошибка выведена в консоль",
  "common.error.gistNotSave": "Sync: Gist не сохранен.",
  "common.error.invalidGistId": "Sync: Введен некорректный Gist ID. Проверьте Ваш Gist на https://gist.github.com/<имя_пользователя>/<gist_id>.",
  "common.error.invalidToken": "Sync: Некорректный или недействительный токен GitHub. Пожалуйста, создайте новый токен с правами доступа, перечисленными в README. Ошибка выведена в консоль.",
  "common.error.message": "Sync: Ошибка выведена в консоль (Справка > Показать/скрыть средства разработчика).",
  "common.error.tokenNotSave": "Sync: Токен не сохранён.",
  "common.info.donate": "Sync: Нравится расширение? Как насчет оставить отзыв или отправить пожертвование?",
  "common.info.excludeFile": "Sync: Вы можете исключить любой файл/папку из загрузки и настроек для скачивания",
  "common.info.gistSaved": "Sync: Gist сохранен",
  "common.info.initAutoUpload": "Sync: Автоматическая загрузка начнется через {0} секунд.",
  "common.info.installed": "Sync: Настройки созданы, спасибо за установку расширения!",
  "common.info.needHelp": "Sync: Нужна помощь в настройке расширения?",
  "common.info.setToken": "Sync: Теперь Вы можете вручную установить Ваш токен GitHub в `syncLocalSettings.json`",
  "common.info.tokenSaved": "Sync: Токен сохранен",
  "common.info.updateTo": "Sync: Обновлено до v{0}",
  "common.info.updating": "Sync: Обновление В Процессе... Пожалуйста, Подождите.",
  "common.placeholder.enterGistId": "Введите Gist ID",
  "common.placeholder.enterGithubAccessToken": "Введите токен GitHub",
  "common.placeholder.multipleGist": "Имя Gist (Например: Personal Settings)",
  "common.prompt.enterGistId": "Введите Gist ID от ранее сохраненных настроек. Вы также можете вручную задать его в параметрах (sync.gist). Нажмите [Enter] или [Esc] для отмены.",
  "common.prompt.enterGithubAccessToken": "Вы также можете вручную добавить токен (User Folder/syncLocalSettings.json). Нажмите [Enter] или [Esc] для отмены.",
  "common.prompt.gistForceUpload": "Sync: Загрузка заменит настройки в GitHub Gist. Попробуйте загрузить настройки или выполнить принудительную загрузку. Вы все еще хотите загружать принудительно?",
  "common.prompt.gistNewer": "Sync: Настройки в Gist изменились с момента их последней загрузки. Вы хотите загрузить текущие локальные настройки в Gist?",
  "common.prompt.multipleGist": "Поможет определить настройки если Вы используете несколько репозиториев для сохранения настроек.",
  "common.prompt.restartCode": "Перезагрузить VSCode для применения расширений и параметров?",
  "ext.config.autoDownload": "Установите значение true для автоматической загрузки настроек при запуске приложения. [Требуется перезагрузка VSCode]",
  "ext.config.autoDownload.name": "Автоматическое скачивание",
  "ext.config.autoUpload": "Установите значение true для автоматической загрузки при изменении параметров. [Требуется перезагрузка VSCode]",
  "ext.config.autoUpload.name": "Автоматическая загрузка",
  "ext.config.forceDownload": "Установите значение true, для принудительного скачивания настроек (локальные настройки будут перезаписаны даже если у вас более новая версия настроек).",
  "ext.config.forceDownload.name": "Принудительное скачивание",
  "ext.config.forceUpload": "Установите значение true для загрузки настроек, даже если Gist содержит более новые настройки (удаленные настройки будут перезаписаны даже если там содержится более новая версия настроек).",
  "ext.config.forceUpload.name": "Принудительная загрузка",
  "ext.config.gist": "GitHub Gist ID для сохранения настроек синхронизации.",
  "ext.config.gist.name": "Gist ID",
  "ext.config.gist.placeholder": "Введите Gist ID",
  "ext.config.host": "Введите адрес Вашего домена GitHub Enterprise для использования GHE.",
  "ext.config.lastDownload": "Дата последнего скачивания настроек. Установить пустое значение для скачивания настроек вручную.",
  "ext.config.lastUpload": "Дата последней загрузки настроек. Установить пустое значение для скачивания настроек вручную.",
  "ext.config.pathPrefix": "Установите префикс Вашего GitHub Enterprise API для работы с GHE. Обычно '/api/v3'. Используется только если введен домен GitHub Enterprise.",
  "ext.config.quietSync": "Установите значение true для показа результата в строке состояния вместо страницы.",
  "ext.config.quietSync.name": "\"Тихая\" синхронизация",
  "ext.config.removeExtensions": "Установите значение false, если вы не хотите, чтобы расширения удалялись во время скачивания настроек.",
  "ext.config.removeExtensions.name": "Удалить расширения",
  "ext.config.syncExtensions": "Установите значение true для синхронизации расширений.",
  "ext.config.syncExtensions.name": "Синхронизация расширений",
  "ext.config.title": "Настройки расширения Code Settings Sync",
  "ext.globalConfig.askGistDescription.name": "Задать имя Gist",
  "ext.globalConfig.autoUploadDelay.name": "Задержка перед автозагрузкой",
  "ext.globalConfig.autoUploadDelay.placeholder": "Введите количество секунд для задержки перед автозагрузкой",
  "ext.globalConfig.downloadPublicGist.name": "Скачать настройки из публичного Gist",
  "ext.globalConfig.gistDescription.name": "Описание Gist",
  "ext.globalConfig.gistDescription.placeholder": "Введите описание Gist",
  "ext.globalConfig.githubEnterpriseUrl.name": "Домен GitHub Enterprise (не обязательно)",
  "ext.globalConfig.githubEnterpriseUrl.placeholder": "Введите домен GitHub Enterprise",
  "ext.globalConfig.hostName.name": "Hostname (необязательно)",
  "ext.globalConfig.hostName.placeholder": "Введите hostname",
  "ext.globalConfig.ignoreExtensions.name": "Игнорируемые расширения",
  "ext.globalConfig.ignoreExtensions.placeholder": "Введите одно расширение на строку (полное название)",
  "ext.globalConfig.ignoreUploadFiles.name": "Игнорируемые файлы",
  "ext.globalConfig.ignoreUploadFiles.placeholder": "Введите один файл на строку",
  "ext.globalConfig.ignoreUploadFolders.name": "Игнорируемые папки",
  "ext.globalConfig.ignoredUploadFolders.placeholder": "Введите по одной папке на строку",
  "ext.globalConfig.openTokenLink.name": "Open Token Link",
  "ext.globalConfig.supportedFileExtensions.name": "Поддерживаемые расширения файлов",
  "ext.globalConfig.supportedFileExtensions.placeholder": "Введите расширение файла на строку",
  "ext.globalConfig.token.name": "Токен доступа",
  "ext.globalConfig.token.placeholder": "Введите Токен"
}