{
  "cmd.downloadSettings.error.removeExtFail": "Sync: não é Possível remover algumas extensões.",
  "cmd.downloadSettings.error.unableSave": "Sync: não é Possível salvar as configurações da extensão do arquivo.",
  "cmd.downloadSettings.info.downloaded": "Sincronização: Baixar Completo.",
  "cmd.downloadSettings.info.gotLatestVersion": "Sincronização: Você já tem a versão mais recente de configurações salvas.",
  "cmd.downloadSettings.info.readdingOnline": "Sincronização: Definições De Leitura On-Line.",
  "cmd.downloadSettings.title": "Sincronização: Configurações De Download",
  "cmd.howSetting.title": "Sincronização: Como Configurar",
  "cmd.otherOptions.customizedSync": "Sincronização: Adicionar Sincronização Personalizada caminho do Arquivo",
  "cmd.otherOptions.customizedSync.done": "Sincronização: {0} foi registrado.",
  "cmd.otherOptions.customizedSync.placeholder": "Inserir um caminho absoluto do adicional arquivo carregado.",
  "cmd.otherOptions.customizedSync.prompt": "(ex. /caminho/para/.eslintrc) será carregado e descarregado para o caminho especificado.",
  "cmd.otherOptions.downloadCustomFile": "Sincronização: a Importação de Sincronização Personalizada Arquivo de espaço de trabalho",
  "cmd.otherOptions.downloadCustomFile.done": "Baixado {0}.",
  "cmd.otherOptions.downloadCustomFile.placeholder": "Selecione o arquivo que você deseja transferir para a raiz do espaço de trabalho que você está trabalhando.",
  "cmd.otherOptions.downloadSetting": "Sincronização: Configurações de Download de Público ESSÊNCIA",
  "cmd.otherOptions.editLocalSetting": "Sincronização: Editar Extensão De Configurações Locais",
  "cmd.otherOptions.error.toggleFail": "Sync: não é Possível Alternar.",
  "cmd.otherOptions.joinCommunity": "Sincronização: Junte-Se A Comunidade",
  "cmd.otherOptions.openIssue": "Sincronização: Questão Aberta",
  "cmd.otherOptions.openSettingsPage": "Sincronização: Configuração Abrir",
  "cmd.otherOptions.preserve": "Sincronização: Preservar A Configuração Para Parar De Substituição Após O Download",
  "cmd.otherOptions.preserve.info.done1": "Sincronização: Feito. {0} valor será removido a partir de definições.json após o download.",
  "cmd.otherOptions.preserve.info.done2": "Sincronização: Feito. Extensão irá mantê - {0}: {1} na definição.json após o download.",
  "cmd.otherOptions.preserve.placeholder": "Introduzir a Chave de configurações.json para preservar.",
  "cmd.otherOptions.preserve.prompt": "Exemplo: Escrever 'http.proxy' => guarde este computador de proxy e substituí-lo , se o conjunto vazio, ele irá remover o proxy.",
  "cmd.otherOptions.quietSync.off": "Sincronização: Resumo será mostrado após o download/upload.",
  "cmd.otherOptions.quietSync.on": "Sincronização: a barra de Status será atualizada após o download/upload.",
  "cmd.otherOptions.releaseNotes": "Sincronização: Notas De Lançamento",
  "cmd.otherOptions.shareSetting": "Sincronização: Definições de Partilha com o Público ESSÊNCIA",
  "cmd.otherOptions.shareSetting.beforeConfirm": "Sincronização: Isto irá remover a actual ESSÊNCIA e configurações de upload no novo pública ESSÊNCIA. Você deseja continuar?",
  "cmd.otherOptions.title": "Sincronização: Opções Avançadas",
  "cmd.otherOptions.toggleAutoDownload": "Sincronização: A Alternância De Download Automático Na Inicialização",
  "cmd.otherOptions.toggleAutoDownload.off": "Sincronização: Download Automático DESLIGADO após VSCode de Inicialização.",
  "cmd.otherOptions.toggleAutoDownload.on": "Sincronização: Download Automático ligado ao VSCode de Inicialização.",
  "cmd.otherOptions.toggleAutoUpload": "Sincronização: A Alternância De Auto-Carregamento Sobre A Alteração De Configurações De",
  "cmd.otherOptions.toggleAutoUpload.off": "Sincronização: upload Automático na Alteração de Configuração Desligado.",
  "cmd.otherOptions.toggleAutoUpload.on": "Sincronização: upload Automático na Alteração de Configuração ativada. Isso terá efeito após a reinicialização.",
  "cmd.otherOptions.toggleForceDownload": "Sincronização: A Alternância De Força Download",
  "cmd.otherOptions.toggleForceDownload.off": "Sincronização: A Força De Download Desligado.",
  "cmd.otherOptions.toggleForceDownload.on": "Sincronização: A Força De Download Ativado.",
  "cmd.otherOptions.toggleForceUpload": "Sincronização: A Alternância De Força Upload",
  "cmd.otherOptions.toggleForceUpload.off": "Sincronização: A Força De Carregar Desligado.",
  "cmd.otherOptions.toggleForceUpload.on": "Sincronização: A Força De Carregar Ativado.",
  "cmd.otherOptions.toggleSummaryPage": "Sincronização: A Alternância De Mostrar Página De Resumo De Upload/Download",
  "cmd.otherOptions.triggerReset": "Sincronização: você deseja redefinir as configurações ?",
  "cmd.otherOptions.warning.tokenNotRequire": "Sincronização: Definições de Sincronização não vai pedir para o GitHub Token a partir de agora.",
  "cmd.resetSettings.info.resetting": "Sincronização: Redefinir As Configurações.",
  "cmd.resetSettings.info.settingClear": "Sincronização: Definições Limpo.",
  "cmd.resetSettings.title": "Sincronização: Redefinir As Configurações De Extensão",
  "cmd.updateSettings.error.gistNotSave": "Sincronização: a ESSÊNCIA NÃO SALVO",
  "cmd.updateSettings.error.newGistCreateFail": "Sync: não é Possível criar Essência.",
  "cmd.updateSettings.error.readGistFail": "Sincronização: a ESSÊNCIA ID: {0} não é POSSÍVEL LER.",
  "cmd.updateSettings.info.gotLatestVersion": "Sincronização: Você já fez o upload da versão mais recente das configurações salvas.",
  "cmd.updateSettings.info.newGistCreated": "Sincronização: a Nova essência criado.",
  "cmd.updateSettings.info.readding": "Sincronização: Definições de Leitura e de Extensões.",
  "cmd.updateSettings.info.shareGist": "Sincronização: Compartilhar a Identificação com outra extensão do blog para compartilhar as configurações.",
  "cmd.updateSettings.info.uploadCanceled": "Sincronização: O Processo De Carregar Cancelado.",
  "cmd.updateSettings.info.uploading": "Sincronização: Uploading/Atualização De Suas Configurações No GitHub.",
  "cmd.updateSettings.info.uploadingDone": "Sincronização: A Transferência Concluída. ESSÊNCIA ID: {0}. Por favor, copiar e utilizar este ID de outras máquinas para transferir definições.",
  "cmd.updateSettings.info.uploadingFile": "Sincronização: Upload De Arquivos De Dados.",
  "cmd.updateSettings.info.uploadingSuccess": "Sincronização: Carregado Com Êxito.",
  "cmd.updateSettings.title": "Sincronização: Atualização/Carregar Configurações",
  "cmd.updateSettings.warning.OSNotSupported": "Sincronização Pragma OS value {0} não é suportado linha {1}",
  "cmd.updateSettings.warning.noToken": "Sincronização: a Definir GitHub Token ou desactivar 'downloadPublicGist' a partir do local de definições de Sincronização de arquivo.",
  "common.action.donate": "Doe Agora",
  "common.action.joinCommunity": "Participe Da Comunidade",
  "common.action.openExtPage": "Abrir Página De Extensão",
  "common.action.openExtTutorial": "Abrir Um Tutorial",
  "common.action.releaseNotes": "Notas De Lançamento",
  "common.action.support": "Apoiar Este Projeto",
  "common.action.writeReview": "Escrever Análise",
  "common.button.no": "Não",
  "common.button.yes": "Sim",
  "common.error.canNotSave": "Sync: não é Possível Salvar as Configurações. Por favor, certifique-se de que você tem válidos JSON configurações.json arquivo. (por exemplo: Sem a vírgula decimal)",
  "common.error.connection": "Sincronização: a Internet Não está Conectado ou não é Possível Conectar-se para o GitHub. Exceção Registrada no Console",
  "common.error.gistNotSave": "Sincronização: A Essência Não Salvos.",
  "common.error.invalidGistId": "Sincronização: Erro De Essência De Identificação Inseridos. Verifique a sua essência: https://gist.github.com/<your_userName>/<gist_id>.",
  "common.error.invalidToken": "Sincronização: Inválido Ou Expirou GitHub Token. Por favor, gerar novo token com âmbitos mencionados no leia-me. Exceção Registrada no Console.",
  "common.error.message": "Sincronização: Erro Registrado No Console (menu Ajuda > Alternância de Ferramentas do Desenvolvedor).",
  "common.error.tokenNotSave": "Sincronização: Token Não Salvos.",
  "common.info.donate": "Sincronização: você gosta de esta extensão? Que tal escrever um comentário ou enviando um donativo? ",
  "common.info.excludeFile": "Sincronização: Você pode excluir qualquer arquivo/pasta para carregar e definições para download.",
  "common.info.gistSaved": "Sincronização: A Essência Salvo",
  "common.info.initAutoUpload": "Sincronização: Upload Automático De Iniciar No {0} Segundos.",
  "common.info.installed": "Sincronização: Definições criadas, agradecer a você para instalar!",
  "common.info.needHelp": "Sincronização: Precisa de Ajuda para configurar esta extensão?",
  "common.info.setToken": "Sincronização: Agora Você pode definir o seu GitHub token manualmente em `syncLocalSettings.json`",
  "common.info.tokenSaved": "Sincronização: Token Salvo",
  "common.info.updateTo": "Sincronização: Atualizado para v{0}",
  "common.info.updating": "Sincronização: A Atualização Em Andamento... Por Favor, Aguarde.",
  "common.placeholder.enterGistId": "Digite Essência De Identificação",
  "common.placeholder.enterGithubAccessToken": "Introduza O GitHub Pessoal Token De Acesso",
  "common.placeholder.multipleGist": "Gist Nome (por exemplo: Definições Pessoais)",
  "common.prompt.enterGistId": "Digite Essência Identificação de carregado anteriormente configurações. Você também pode definir manualmente no código (configurações de sincronização.gist). Pressione [Enter] ou a tecla [Esc] para cancelar.",
  "common.prompt.enterGithubAccessToken": "Você também adicionar manualmente um token (Pasta de Usuário/syncLocalSettings.json). Pressione [Enter] ou a tecla [Esc] para cancelar.",
  "common.prompt.gistForceUpload": "Sincronização: O upload substituirá as configurações no GitHub Gist. Considere baixar as configurações ou fazer um upload forçado. Você ainda deseja fazer o upload com força?",
  "common.prompt.gistNewer": "Sincronização: As configurações no Gist foram alteradas desde o último download. Deseja fazer o upload de suas configurações locais atuais para o Gist?",
  "common.prompt.multipleGist": "Permite identificar as configurações se você tiver vários essência.",
  "common.prompt.restartCode": "Você deseja recarregar para aplicar extensões e configurações?",
  "ext.config.autoDownload": "Defina true para Baixar automaticamente as configurações no código de iniciar. [Código Necessário Reiniciar]",
  "ext.config.autoDownload.name": "Download Automático",
  "ext.config.autoUpload": "Defina true para Carregamento Automático sobre a alteração de definições. [Código Necessário Reiniciar]",
  "ext.config.autoUpload.name": "Carregamento Automático",
  "ext.config.forceDownload": "Defina para true se deseja baixar as configurações, mesmo quando você tem as últimas definições.",
  "ext.config.forceDownload.name": "Força De Download",
  "ext.config.forceUpload": "Defina para true se deseja carregar as configurações, mesmo quando a ESSÊNCIA tem configurações mais recentes.",
  "ext.config.forceUpload.name": "Força Upload",
  "ext.config.gist": "GIST do GitHub IDENTIFICAÇÃO para as Configurações de Sincronização.",
  "ext.config.gist.name": "Essência ID",
  "ext.config.gist.placeholder": "Digite Essência de IDENTIFICAÇÃO",
  "ext.config.host": "Defini-lo para o seu GitHub Empresa de hospedagem se você deseja usar GHE.",
  "ext.config.lastDownload": "Definições de Sincronização última data da transferência. Definir como vazio se você deseja manualmente bater download.",
  "ext.config.lastUpload": "Definições de Sincronização última data de envio. Definir como vazio se você deseja manualmente bater download.",
  "ext.config.pathPrefix": "Defini-lo para o seu GitHub Empresa API prefixo, se você deseja usar GHE. Normalmente '/api/v3'. Usado apenas quando o host é definido.",
  "ext.config.quietSync": "Quando definida como true, vai mostrar o resultado na barra de status em vez de página de resumo.",
  "ext.config.quietSync.name": "Silencioso De Sincronização",
  "ext.config.removeExtensions": "Definido para false se você não deseja remover extensões para download.",
  "ext.config.removeExtensions.name": "Remover Extensões De",
  "ext.config.syncExtensions": "Definido para false se você não quiser fazer o upload/download de extensões.",
  "ext.config.syncExtensions.name": "Sincronização De Extensões",
  "ext.config.title": "Código De Definições De Sincronização De Definições De Configuração",
  "ext.globalConfig.askGistDescription.name": "Pergunte Gist Nome",
  "ext.globalConfig.autoUploadDelay.name": "Upload Automático De Atraso",
  "ext.globalConfig.autoUploadDelay.placeholder": "Insira a quantidade de segundos de atraso auto-upload",
  "ext.globalConfig.downloadPublicGist.name": "Download Pública Essência",
  "ext.globalConfig.gistDescription.name": "Essência Descrição",
  "ext.globalConfig.gistDescription.placeholder": "Digite Essência Descrição",
  "ext.globalConfig.githubEnterpriseUrl.name": "O GitHub Enterprise URL (opcional)",
  "ext.globalConfig.githubEnterpriseUrl.placeholder": "Introduza o GitHub Empresa de URL",
  "ext.globalConfig.hostName.name": "Hostname (opcional)",
  "ext.globalConfig.hostName.placeholder": "Introduza O Nome De Host",
  "ext.globalConfig.ignoreExtensions.name": "Ignorado Extensões",
  "ext.globalConfig.ignoreExtensions.placeholder": "Introduza uma extensão por linha (nome completo)",
  "ext.globalConfig.ignoreUploadFiles.name": "Arquivos Ignorados",
  "ext.globalConfig.ignoreUploadFiles.placeholder": "Inserir um arquivo por linha",
  "ext.globalConfig.ignoreUploadFolders.name": "Ignorado Pastas",
  "ext.globalConfig.ignoredUploadFolders.placeholder": "Insira uma pasta por linha",
  "ext.globalConfig.openTokenLink.name": "Abrir Token Link",
  "ext.globalConfig.supportedFileExtensions.name": "Extensões De Arquivo Suportadas",
  "ext.globalConfig.supportedFileExtensions.placeholder": "Digite uma extensão de arquivo por linha",
  "ext.globalConfig.token.name": "Token De Acesso",
  "ext.globalConfig.token.placeholder": "Digite Token"
}

