{
  "name": "G Dark",
  "type": "dark",
  "tokenColors": [
    {
      "name": "Comment",
      "scope": [
        "comment",
        "punctuation.definition.comment",
        "string.quoted.docstring"
      ],
      "settings": {
        // "fontStyle": "italic bold",
        "foreground": "#1010108e"
      }
    },
    {
      "name": "Docstring",
      "scope": [
        "punctuation.definition.comment",
        "string.quoted.docstring"
      ],
      "settings": {
        "fontStyle": "italic bold",
      }
    },
    {
      "name": "Variables",
      "scope": [
        "variable",
        "string constant.other.placeholder"
      ],
      "settings": {
        "foreground": "#8DB0BB",
        "fontStyle": "bold"
      }
    },
    {
      "name": "PHP Constants",
      "scope": [
        "constant.other.php"
      ],
      "settings": {
        "foreground": "#FFCB6B"
      }
    },
    {
      "name": "Colors",
      "scope": [
        "constant.other.color"
      ],
      "settings": {
        "foreground": "#ffffff",
        "fontStyle": "bold"
      }
    },
    {
      "name": "Invalid",
      "scope": [
        "invalid",
        "invalid.illegal"
      ],
      "settings": {
        "foreground": "#FF5370"
      }
    },
    {
      "name": "Invalid deprecated",
      "scope": [
        "invalid.deprecated"
      ],
      "settings": {
        "foreground": "#C792EA"
      }
    },
    {
      "name": "Keyword",
      "scope": [
        "keyword",
      ],
      "settings": {
        "foreground" : "#FC6399"
      }
    },
    {
      "name": "Storage",
      "scope": [
        "storage.type",
      ],
      "settings": {
        "foreground" : "#E26A6A"
      }
    },
    {
      "name": "Modifier",
      "scope": [
        "storage.modifier"
      ],
      "settings": {
        "foreground": "#C792EA",
      }
    },
    {
      "name": "Keyword, Storage",
      "scope": [
        "Keyword",
        "Storage"
      ],
      "settings": {
        "fontStyle": "italic"
      }
    },
    {
      "name": "Operator, Punctution",
      "scope": [
        "punctuation",
        "punctuation.definition.tag",
        "punctuation.section.embedded",
      ],
      "settings": {
        "foreground": "#96ceb4"
      }
    },
    {
      "name": "php dollar sign",
      "scope": [
        "punctuation.definition.variable.php",
        "punctuation.definition.varaible.less"
      ],
      "settings": {
        "foreground": "#e06c75"
      }
    },
    {
      "name": "Operator, Keyword",
      "scope": [
        "keyword.control",
        "constant.other.color",
        "keyword.other.template",
        "keyword.other.substitution",
        "punctuation.separator.inheritance.php",
      ],
      "settings": {
        "foreground": "#FF5370"
      }
    },
    {
      "name": "Keyword Control",
      "scope": [
        "keyword.control"
      ],
      "settings": {
        "fontStyle": "italic"
      }
    },
    {
      "name": "Tag",
      "scope": [
        "entity.name.tag",
        "meta.tag.sgml",
        "markup.deleted.git_gutter",
        "punctuation.definition.tag.html",
        // "punctuation.definition.tag.begin.html",
        // "punctuation.definition.tag.end.html"
      ],
      "settings": {
        "foreground": "#ff6f69"
      }
    },
    {
      "name": "Open-End Tag",
      "scope": [
        "punctuation.definition.tag.begin.html",
        "punctuation.definition.tag.end.html"
      ],
      "settings": {
        "foreground": "#ff69b4",
        "fontStyle": "bold"
      }
    },
    {
      "name": "Function",
      "scope": [
        "meta.function-call",
        "variable.function",
        "support.function",
        "keyword.other.special-method"
      ],
      "settings": {
        "foreground": "#63ace5"
      }
    },
    {
			"name": "Special Method, Block Level, GitGutter changed",
			"scope": [
				"entity.name.function",
			],
			"settings": {
				"fontStyle": "bold",
				"foreground": "#51CEFF"
			}
    },
    {
      "name": "C-related Block Level Variables",
      "scope": [
        "source.cpp meta.block variable.other"
      ],
      "settings": {
        "foreground": "#f07178"
      }
    },
    {
      "name": "Variables constant",
      "scope": [
        "variable.other.constant"
      ],
      "settings": {
        "foreground": "#f07178"
      }
    },
    {
      "name": "Other Variable, String Link",
      "scope": [
        "support.other.variable",
        "string.other.link"
      ],
      "settings": {
        "foreground": "#f07178"
      }
    },
    {
      "name": "Number, Constant, Function Argument, Tag Attribute, Embedded",
      "scope": [
        // "constant.numeric",
        "constant.language",
        "support.constant",
        "constant.character",
        "constant.escape",
        "keyword.other.unit",
        "keyword.other"
      ],
      "settings": {
        "foreground": "#F78C6C"
      }
    },
    {
      "name": "Number",
      "scope": [
        "constant.numeric",
        "constant.escape",
        "keyword.other.unit",
      ],
      "settings": {
        "foreground": "#c97807"
      }
    },
    {
      "name": "Number, Constant, Function Argument, Tag Attribute, Embedded",
      "scope": [
        "variable.parameter.function.language.special",
        "variable.parameter"
      ],
      "settings": {
        "foreground": "#FF5370"
      }
    },
    {
      "name": "String, Symbols, Inherited Class, Markup Heading",
      "scope": [
        "string",
        "constant.other.symbol",
        "constant.other.key",
        "entity.other.inherited-class",
        "markup.heading",
        "markup.inserted.git_gutter",
        "meta.group.braces.curly constant.other.object.key.js string.unquoted.label.js"
      ],
      "settings": {
        "foreground": "#88d8b0"
      }
    },
    {
      "name": "Class, Support",
      "scope": [
        "entity.name",
        "support.type",
        "support.other.namespace.use.php",
        "meta.use.php",
        "support.other.namespace.php",
        "markup.changed.git_gutter",
        "support.type.sys-types"
      ],
      "settings": {
        "foreground": "#FFCB6B",
        // "fontStyle": "bold"
      }
    },
    {
      "name": "Support",
      "scope": [
        "support.class",
      ],
      "settings": {
        "foreground": "#ef981f",
        "fontStyle": "bold"
      }
    },
    {
      "name": "Entity Types",
      "scope": [
        "support.type"
      ],
      "settings": {
        "foreground": "#ffaaa5"
      }
    },
    {
      "name": "CSS Class and Support",
      "scope": [
        "source.css support.type.property-name",
        "source.sass support.type.property-name",
        "source.scss support.type.property-name",
        "source.less support.type.property-name",
        "source.stylus support.type.property-name",
        "source.postcss support.type.property-name"
      ],
      "settings": {
        "foreground": "#96ceb4"
      }
    },
    {
      "name": "Sub-methods",
      "scope": [
        "entity.name.module.js",
        "variable.import.parameter.js",
        "variable.other.class.js"
      ],
      "settings": {
        "foreground": "#FF5370"
      }
    },
    {
      "name": "Language methods",
      "scope": [
        "variable.language"
      ],
      "settings": {
        "fontStyle": "italic",
        "foreground": "#FF5370"
      }
    },
    {
      "name": "entity.name.method.js",
      "scope": [
        "entity.name.method.js"
      ],
      "settings": {
        "fontStyle": "italic",
        "foreground": "#82AAFF"
      }
    },
    {
      "name": "meta.method.js",
      "scope": [
        "meta.class-method.js entity.name.function.js",
        "variable.function.constructor"
      ],
      "settings": {
        "foreground": "#82AAFF"
      }
    },
    {
      "name": "Attributes",
      "scope": [
        "entity.other.attribute-name"
      ],
      "settings": {
        "fontStyle": "italic",
        "foreground": "#FFCB6B"
      }
    },
    {
      "name": "CSS Classes",
      "scope": [
        "entity.other.attribute-name.class"
      ],
      "settings": {
        "foreground": "#FFCB6B"
      }
    },
    {
      "name": "CSS ID's",
      "scope": [
        "source.sass keyword.control",
        "entity.other.attribute-name.id"
      ],
      "settings": {
        "foreground": "#2eb7fb",
        // "fontStyle": "bold"
      }
    },
    {
      "name": "Inserted",
      "scope": [
        "markup.inserted"
      ],
      "settings": {
        "foreground": "#C3E88D"
      }
    },
    {
      "name": "Deleted",
      "scope": [
        "markup.deleted"
      ],
      "settings": {
        "foreground": "#FF5370"
      }
    },
    {
      "name": "Changed",
      "scope": [
        "markup.changed"
      ],
      "settings": {
        "foreground": "#C792EA"
      }
    },
    {
      "name": "Regular Expressions",
      "scope": [
        "string.regexp"
      ],
      "settings": {
        "foreground": "#f0650e"
      }
    },
    {
      "name": "Escape Characters",
      "scope": [
        "constant.character.escape"
      ],
      "settings": {
        "foreground": "#20d5e2"
      }
    },
    {
      "name": "URL",
      "scope": [
        "*url*",
        "*link*",
        "*uri*",
      ],
      "settings": {
        "fontStyle": "italic underline",
      }
    },
    {
      "name": "Decorators",
      "scope": [
        "tag.decorator.js entity.name.tag.js",
        "tag.decorator.js punctuation.definition.tag.js"
      ],
      "settings": {
        "fontStyle": "italic",
        "foreground": "#82AAFF"
      }
    },
    {
      "name": "ES7 Bind Operator",
      "scope": [
        "source.js constant.other.object.key.js string.unquoted.label.js"
      ],
      "settings": {
        "fontStyle": "italic",
        "foreground": "#FF5370"
      }
    },
    {
      "name": "JSON Key - Level 0",
      "scope": [
        "source.json meta.structure.dictionary.json support.type.property-name.json"
      ],
      "settings": {
        "foreground": "#C792EA"
      }
    },
    {
      "name": "JSON Key - Level 1",
      "scope": [
        "source.json meta.structure.dictionary.json meta.structure.dictionary.value.json meta.structure.dictionary.json support.type.property-name.json"
      ],
      "settings": {
        "foreground": "#FFCB6B"
      }
    },
    {
      "name": "JSON Key - Level 2",
      "scope": [
        "source.json meta.structure.dictionary.json meta.structure.dictionary.value.json meta.structure.dictionary.json meta.structure.dictionary.value.json meta.structure.dictionary.json support.type.property-name.json"
      ],
      "settings": {
        "foreground": "#F78C6C"
      }
    },
    {
      "name": "JSON Key - Level 3",
      "scope": [
        "source.json meta.structure.dictionary.json meta.structure.dictionary.value.json meta.structure.dictionary.json meta.structure.dictionary.value.json meta.structure.dictionary.json meta.structure.dictionary.value.json meta.structure.dictionary.json support.type.property-name.json"
      ],
      "settings": {
        "foreground": "#FF5370"
      }
    },
    {
      "name": "JSON Key - Level 4",
      "scope": [
        "source.json meta.structure.dictionary.json meta.structure.dictionary.value.json meta.structure.dictionary.json meta.structure.dictionary.value.json meta.structure.dictionary.json meta.structure.dictionary.value.json meta.structure.dictionary.json meta.structure.dictionary.value.json meta.structure.dictionary.json support.type.property-name.json"
      ],
      "settings": {
        "foreground": "#C17E70"
      }
    },
    {
      "name": "JSON Key - Level 5",
      "scope": [
        "source.json meta.structure.dictionary.json meta.structure.dictionary.value.json meta.structure.dictionary.json meta.structure.dictionary.value.json meta.structure.dictionary.json meta.structure.dictionary.value.json meta.structure.dictionary.json meta.structure.dictionary.value.json meta.structure.dictionary.json meta.structure.dictionary.value.json meta.structure.dictionary.json support.type.property-name.json"
      ],
      "settings": {
        "foreground": "#82AAFF"
      }
    },
    {
      "name": "JSON Key - Level 6",
      "scope": [
        "source.json meta.structure.dictionary.json meta.structure.dictionary.value.json meta.structure.dictionary.json meta.structure.dictionary.value.json meta.structure.dictionary.json meta.structure.dictionary.value.json meta.structure.dictionary.json meta.structure.dictionary.value.json meta.structure.dictionary.json meta.structure.dictionary.value.json meta.structure.dictionary.json meta.structure.dictionary.value.json meta.structure.dictionary.json support.type.property-name.json"
      ],
      "settings": {
        "foreground": "#f07178"
      }
    },
    {
      "name": "JSON Key - Level 7",
      "scope": [
        "source.json meta.structure.dictionary.json meta.structure.dictionary.value.json meta.structure.dictionary.json meta.structure.dictionary.value.json meta.structure.dictionary.json meta.structure.dictionary.value.json meta.structure.dictionary.json meta.structure.dictionary.value.json meta.structure.dictionary.json meta.structure.dictionary.value.json meta.structure.dictionary.json meta.structure.dictionary.value.json meta.structure.dictionary.json meta.structure.dictionary.value.json meta.structure.dictionary.json support.type.property-name.json"
      ],
      "settings": {
        "foreground": "#C792EA"
      }
    },
    {
      "name": "JSON Key - Level 8",
      "scope": [
        "source.json meta.structure.dictionary.json meta.structure.dictionary.value.json meta.structure.dictionary.json meta.structure.dictionary.value.json meta.structure.dictionary.json meta.structure.dictionary.value.json meta.structure.dictionary.json meta.structure.dictionary.value.json meta.structure.dictionary.json meta.structure.dictionary.value.json meta.structure.dictionary.json meta.structure.dictionary.value.json meta.structure.dictionary.json meta.structure.dictionary.value.json meta.structure.dictionary.json meta.structure.dictionary.value.json meta.structure.dictionary.json support.type.property-name.json"
      ],
      "settings": {
        "foreground": "#C3E88D"
      }
    },
    {
      "name": "Markdown - Plain",
      "scope": [
        "text.html.markdown",
        "punctuation.definition.list_item.markdown"
      ],
      "settings": {
        "foreground": "#a6d4f7"
      }
    },
    {
      "name": "Markdown - Markup Raw Inline",
      "scope": [
        "text.html.markdown markup.inline.raw.markdown"
      ],
      "settings": {
        "foreground": "#C792EA"
      }
    },
    {
      "name": "Markdown - Markup Raw Inline Punctuation",
      "scope": [
        "text.html.markdown markup.inline.raw.markdown punctuation.definition.raw.markdown"
      ],
      "settings": {
        "foreground": "#65737E"
      }
    },
    {
      "name": "Markdown - Line Break",
      "scope": [
        "text.html.markdown meta.dummy.line-break"
      ],
      "settings": {
        // "foreground": ""
      }
    },
    {
      "name": "Markdown - Heading",
      "scope": [
        "markdown.heading",
        "markup.heading | markup.heading entity.name",
        "markup.heading.markdown punctuation.definition.heading.markdown"
      ],
      "settings": {
        "foreground": "#C3E88D"
      }
    },
    {
      "name": "Markup - Italic",
      "scope": [
        "markup.italic"
      ],
      "settings": {
        "fontStyle": "italic",
        "foreground": "#f07178"
      }
    },
    {
      "name": "Markup - Bold",
      "scope": [
        "markup.bold",
        "markup.bold string"
      ],
      "settings": {
        "fontStyle": "bold",
        "foreground": "#f07178"
      }
    },
    {
      "name": "Markup - Bold-Italic",
      "scope": [
        "markup.bold markup.italic",
        "markup.italic markup.bold",
        "markup.quote markup.bold",
        "markup.bold markup.italic string",
        "markup.italic markup.bold string",
        "markup.quote markup.bold string"
      ],
      "settings": {
        "fontStyle": "bold",
        "foreground": "#f07178"
      }
    },
    {
      "name": "Markup - Underline",
      "scope": [
        "markup.underline"
      ],
      "settings": {
        "fontStyle": "underline",
        "foreground": "#F78C6C"
      }
    },
    {
      "name": "Markup - Strike",
      "scope": [
        "markup.strike"
      ],
      "settings": {
        "fontStyle": "italic",
        // "foreground": ""˝
      }
    },
    {
      "name": "Markdown - Blockquote",
      "scope": [
        "markup.quote punctuation.definition.blockquote.markdown"
      ],
      "settings": {
        "foreground": "#65737E"
      }
    },
    {
      "name": "Markup - Quote",
      "scope": [
        "markup.quote"
      ],
      "settings": {
        "fontStyle": "italic",
        // "foreground": ""
      }
    },
    {
      "name": "Markdown - Link",
      "scope": [
        "string.other.link.title.markdown"
      ],
      "settings": {
        "foreground": "#82AAFF"
      }
    },
    {
      "name": "Markdown - Link Description",
      "scope": [
        "string.other.link.description.title.markdown"
      ],
      "settings": {
        "foreground": "#C792EA"
      }
    },
    {
      "name": "Markdown - Link Anchor",
      "scope": [
        "constant.other.reference.link.markdown"
      ],
      "settings": {
        "foreground": "#FFCB6B"
      }
    },
    {
      "name": "Markup - Raw Block",
      "scope": [
        "markup.raw.block"
      ],
      "settings": {
        "foreground": "#C792EA"
      }
    },
    {
      "name": "Markdown - Fenced Bode Block Variable",
      "scope": [
        "markup.fenced_code.block.markdown",
        "markup.inline.raw.string.markdown"
      ],
      "settings": {
        "foreground": "#a6d4f790"
      }
    },
    {
      "name": "Markdown - Fenced Language",
      "scope": [
        "variable.language.fenced.markdown"
      ],
      "settings": {
        "foreground": "#65737E"
      }
    },
    {
      "name": "Markdown - Separator",
      "scope": [
        "meta.separator"
      ],
      "settings": {
        "fontStyle": "bold",
        "foreground": "#65737E"
      }
    },
    {
      "name": "Markup - Table",
      "scope": [
        "markup.table"
      ],
      "settings": {
        "foreground": "#a6d4f7"
      }
    }
  ],
  "colors": {
    "focusBorder": "#3778aa65",
    "editorCursor.foreground": "#f1e506",
    "editorRuler.foreground": "#37474F",
    "scrollbar.shadow": "#002c3daf",
    "editorLink.activeForeground": "#a6d4f7",
    "selection.background": "#145b91dc",
    "progressBar.background": "#80CBC4",
    "textLink.foreground": "#80CBC4",
    "textLink.activeForeground": "#a6d4f7",
    "editorLineNumber.foreground": "#0b577e",
    "editorLineNumber.activeForeground": "#229cd4",
    "editorBracketMatch.border": "#67769660",
    "editorBracketMatch.background": "#003248",
    "editorWhitespace.foreground": "#06273b40",
    "editor.background": "#003248",
    "editor.foreground": "#dcf2f7",
    "editor.lineHighlightBackground": "#04131450",
    "editor.selectionBackground": "#80CBC420",
    "editor.selectionHighlightBackground": "#5d709760",
    "editor.hoverHighlightBackground": "#3c97e72c",
    "editor.findMatchBackground": "#1a24276e",
    "editor.findMatchBorder": "#3c86a398",
    "editor.findMatchHighlightBackground":"#466a8d42",
    // "editor.findRangeHighlightBackground":"#3c97e752",
    "editor.wordHighlightBackground":"#ce080800",
    "editor.wordHighlightBorder": "#0ab2f55e",
    "editorOverviewRuler.border": "#003248",
    "editorHoverWidget.background": "#003248",
    "editorHoverWidget.border": "#FFFFFF10",
    "editorIndentGuide.background": "#063e614f",
    "editorIndentGuide.activeBackground": "#06638b",
    "editorGroupHeader.tabsBackground": "#003248",
    "editorGroup.border": "#00000030",
    "editorGutter.modifiedBackground": "#1297da60",
    "editorGutter.addedBackground": "#34dbac60",
    "editorGutter.deletedBackground": "#e4496360",
    "tab.activeBorder": "#25beddef",
    "tab.activeModifiedBorder": "#607a86",
    "tab.unfocusedActiveBorder": "#546E7A",
    "tab.activeForeground": "#8acfcf",
    "tab.inactiveForeground": "#3b82a3",
    "tab.inactiveBackground": "#003245",
    "tab.unfocusedActiveForeground": "#a6d4f7",
    "tab.border": "#003248",
    "statusBar.noFolderBackground": "#003248",
    "statusBar.border": "#003248",
    "statusBar.background": "#003248",
    "statusBar.foreground": "#37738f",
    "statusBar.debuggingBackground": "#C792EA",
    "statusBar.debuggingForeground": "#bbd9f3",
    "statusBarItem.hoverBackground": "#546E7A20",
    "activityBar.background": "#003248",
    "activityBar.border": "#003248",
    "activityBar.inactiveForeground": "#265470",
    "activityBar.foreground": "#1c7ebb",
    "activityBar.activeBorder": "#4c93b4",
    "activityBar.activeBackground": "#003247",
    "activityBarBadge.background": "#1e6e85",
    "activityBarBadge.foreground": "#c7ebf6",
    "titleBar.activeBackground": "#003248",
    "titleBar.activeForeground": "#9cc2df",
    "titleBar.inactiveBackground": "#003248",
    "titleBar.inactiveForeground": "#7fa2b3",
    "sideBar.background": "#003248",
    "sideBar.foreground": "#5695b3",
    "sideBar.border": "#022f4260",
    "titleBar.border": "#00324860",
    "sideBarTitle.foreground": "#afd6f3",
    "sideBarSectionHeader.background": "#003248",
    "sideBarSectionHeader.border": "#02354b",
    "input.background": "#063a50",
    "input.foreground": "#81b0d4",
    "input.placeholderForeground": "#a6d4f760",
    "input.border": "#ffffff00",
    "inputValidation.errorBorder": "#FF537050",
    "inputValidation.infoBorder": "#82AAFF50",
    "inputValidation.warningBorder": "#67769660",
    "dropdown.background": "#003248",
    "dropdown.border": "#FFFFFF10",
    "list.hoverForeground": "#FFFFFF",
    "list.hoverBackground": "#01364b9f",
    "list.activeSelectionBackground": "#01374e",
    "list.activeSelectionForeground": "#80CBC4",
    "list.inactiveSelectionForeground": "#80CBC4",
    "list.inactiveSelectionBackground": "#01131a30",
    "list.focusBackground": "#a6d4f720",
    "list.focusForeground": "#a6d4f7",
    "list.highlightForeground": "#80CBC4",
    "terminal.ansiWhite": "#ececec",
    "terminal.ansiBlack": "#252525",
    "terminal.ansiBlue": "#82AAFF",
    "terminal.ansiCyan": "#89DDFF",
    "terminal.ansiGreen": "#C3E88D",
    "terminal.ansiMagenta": "#C792EA",
    "terminal.ansiRed": "#FF5370",
    "terminal.ansiYellow": "#FFCB6B",
    "terminal.ansiBrightWhite": "#ffffff",
    "terminal.ansiBrightBlack": "#3a3d3d",
    "terminal.ansiBrightBlue": "#82AAFF",
    "terminal.ansiBrightCyan": "#89DDFF",
    "terminal.ansiBrightGreen": "#C3E88D",
    "terminal.ansiBrightMagenta": "#C792EA",
    "terminal.ansiBrightRed": "#FF5370",
    "terminal.ansiBrightYellow": "#FFCB6B",
    "scrollbarSlider.background": "#1014203a",
    "scrollbarSlider.hoverBackground": "#7b8acc2c",
    "scrollbarSlider.activeBackground": "#24426e79",
    "editorSuggestWidget.background": "#003248",
    "editorSuggestWidget.foreground": "#c5e2f8",
    "editorSuggestWidget.highlightForeground": "#80CBC4",
    "editorSuggestWidget.selectedBackground": "#00000050",
    "editorSuggestWidget.border": "#FFFFFF10",
    "editorError.foreground": "#FF537070",
    "editorWarning.foreground": "#C3E88D70",
    "editorWidget.background": "#003248",
    "editorWidget.resizeBorder": "#80CBC4",
    // "editorWidget.border": "",
    "editorMarkerNavigation.background": "#a6d4f705",
    "widget.shadow": "#00000030",
    "panel.border": "#01466460",
    "panel.background": "#003248",
    "panel.dropBackground": "#a2d1f5",
    "panelTitle.inactiveForeground": "#4782af",
    "panelTitle.activeForeground": "#a2daf7",
    "panelTitle.activeBorder": "#36bad4",
    "diffEditor.insertedTextBackground": "#C3E88D15",
    "diffEditor.removedTextBackground": "#FF537020",
    "notifications.background": "#003248",
    "notifications.foreground": "#95dcf3",
    "notificationLink.foreground": "#80CBC4",
    "badge.background": "#00000030",
    "badge.foreground": "#546E7A",
    "button.background": "#80CBC420",
    "extensionButton.prominentBackground": "#7fe0ec90",
    "extensionButton.prominentHoverBackground": "#80daea",
    "peekView.border": "#00000030",
    "peekViewEditor.background": "#a6d4f705",
    "peekViewTitle.background": "#a6d4f705",
    "peekViewResult.background": "#a6d4f705",
    "peekViewEditorGutter.background": "#a6d4f705",
    "peekViewTitleDescription.foreground": "#a6d4f760",
    "peekViewResult.matchHighlightBackground": "#80CBC420",
    "peekViewEditor.matchHighlightBackground": "#80CBC420",
    "debugToolBar.background": "#003248",
    "pickerGroup.foreground": "#80CBC4",
    "gitDecoration.deletedResourceForeground": "#FF537090",
    "gitDecoration.conflictingResourceForeground": "#ffcb6bd5",
    "gitDecoration.modifiedResourceForeground": "#189bf1e0",
    "gitDecoration.untrackedResourceForeground": "#31df7fc5",
    "gitDecoration.ignoredResourceForeground": "#9c69dfd2",
    "peekViewResult.selectionBackground": "#607a8670",
    "breadcrumb.background": "#003248",
    "breadcrumb.foreground": "#39829b",
    "breadcrumb.focusForeground": "#9eccf0",
    "breadcrumb.activeSelectionForeground": "#80CBC4",
    "breadcrumbPicker.background": "#003248",
    "menu.background": "#003248",
    "menu.foreground": "#a6d4f7",
    "menu.selectionBackground": "#00000050",
    "menu.selectionForeground": "#80CBC4",
    "menu.selectionBorder": "#00000030",
    "menu.separatorBackground": "#a8d5f7",
    "menubar.selectionBackground": "#a4bdbcb5",
    "menubar.selectionForeground": "#80CBC4",
    "menubar.selectionBorder": "#00000030",
    "settings.dropdownForeground": "#a6d4f7",
    "settings.dropdownBackground": "#063a50",
    "settings.numberInputForeground": "#a6d4f7",
    "settings.numberInputBackground": "#063a50",
    "settings.textInputForeground": "#a6d4f7",
    "settings.textInputBackground": "#063a50",
    "settings.headerForeground": "#80CBC4",
    "settings.modifiedItemIndicator": "#80CBC4",
    "settings.checkboxBackground": "#063a50",
    "settings.checkboxForeground": "#a6d4f7",
    "listFilterWidget.background": "#00000030",
    "listFilterWidget.outline": "#00000030",
    "listFilterWidget.noMatchesOutline": "#00000030",
    "tree.indentGuidesStroke": "#1f4e6b90",
    // "tab.activeBorderTop": "#ff0000"
    "window.activeBorder": "#01485c",
    "window.inactiveBorder": "#3d93c8",
  }
}