{
	"c_cpp.command.configurationSelect.title": "Seleziona una configurazione...",
	"c_cpp.command.configurationProviderSelect.title": "Cambia provider di configurazione...",
	"c_cpp.command.configurationEditJSON.title": "Modifica configurazioni (JSON)",
	"c_cpp.command.configurationEditUI.title": "Modifica configurazioni (interfaccia utente)",
	"c_cpp.command.switchHeaderSource.title": "Scambia intestazione/origine",
	"c_cpp.command.enableErrorSquiggles.title": "Abilita i segni di revisione per gli errori",
	"c_cpp.command.disableErrorSquiggles.title": "Disabilita i segni di revisione per gli errori",
	"c_cpp.command.toggleIncludeFallback.title": "Attiva/Disattiva fallback del motore IntelliSense in caso di errori di inclusione",
	"c_cpp.command.toggleDimInactiveRegions.title": "Attiva/Disattiva colorazione delle aree inattive",
	"c_cpp.command.resetDatabase.title": "Reimposta database IntelliSense",
	"c_cpp.command.takeSurvey.title": "Partecipa al sondaggio",
	"c_cpp.command.buildAndDebugActiveFile.title": "Compila ed esegui il debug del file attivo",
	"c_cpp.command.logDiagnostics.title": "Registra diagnostica",
	"c_cpp.command.referencesViewGroupByType.title": "Raggruppa per tipo riferimento",
	"c_cpp.command.referencesViewUngroupByType.title": "Separa per tipo riferimento",
	"c_cpp.command.rescanWorkspace.title": "Ripeti analisi dell'area di lavoro",
	"c_cpp.command.vcpkgClipboardInstallSuggested.title": "Copia il comando di installazione di vcpkg negli Appunti",
	"c_cpp.command.vcpkgOnlineHelpSuggested.title": "Visitare la pagina della Guida di vcpkg",
	"c_cpp.configuration.clang_format_path.description": "Percorso completo del file eseguibile di clang-format. Se non è specificato, verrà usato lo strumento clang-format disponibile nel percorso dell'ambiente. Se clang-format non viene trovato nel percorso dell'ambiente, ne verrà usata una copia fornita in bundle con l'estensione.",
	"c_cpp.configuration.clang_format_style.description": "Stile di codifica. Attualmente supporta: Visual Studio, LLVM, Google, Chromium, Mozilla, WebKit. Usare \"file\" per caricare lo stile da un file in formato Clang presente nella directory corrente o padre. Usare {key: value, ...} per impostare parametri specifici. Ad esempio, lo stile \"Visual Studio\" è simile a: { BasedOnStyle: LLVM, UseTab: Never, IndentWidth: 4, TabWidth: 4, BreakBeforeBraces: Allman, AllowShortIfStatementsOnASingleLine: false, IndentCaseLabels: false, ColumnLimit: 0, AccessModifierOffset: -4 }",
	"c_cpp.configuration.clang_format_fallbackStyle.description": "Nome dello stile predefinito usato come fallback nel caso in cui il formato Clang venga richiamato con lo stile \"file\", ma il file in formato Clang non viene trovato. I valori possibili sono Visual Studio, LLVM, Google, Chromium, Mozilla, WebKit, none. In alternativa, usare {key: value, ...} per impostare parametri specifici. Ad esempio, lo stile \"Visual Studio\" è simile a: { BasedOnStyle: LLVM, UseTab: Never, IndentWidth: 4, TabWidth: 4, BreakBeforeBraces: Allman, AllowShortIfStatementsOnASingleLine: false, IndentCaseLabels: false, ColumnLimit: 0, AccessModifierOffset: -4 }",
	"c_cpp.configuration.clang_format_sortIncludes.description": "Se è impostata, esegue l'override del comportamento di ordinamento di inclusione determinato dal parametro SortIncludes.",
	"c_cpp.configuration.intelliSenseEngine.description": "Controlla il provider IntelliSense. Con \"Parser di tag\" vengono risultati \"fuzzy\" che non sono compatibili con il contesto. Con \"Predefinito\" vengono forniti risultati compatibili con il contesto. Con \"Disabilitato\" vengono disattivate le funzionalità del servizio di linguaggio C/C++.",
	"c_cpp.configuration.intelliSenseEngineFallback.description": "Controlla se il motore IntelliSense passerà automaticamente al parser di tag per le unità di conversione contenenti errori #include.",
	"c_cpp.configuration.autocomplete.description": "Controlla il provider di completamento automatico. Con \"Default\" viene usato il motore IntelliSense attivo. Con \"Disabled\" viene usato il completamento basato su parole fornito da Visual Studio Code.",
	"c_cpp.configuration.errorSquiggles.description": "Controlla se i sospetti errori di compilazione rilevati dal motore IntelliSense verranno restituiti all'editor. Questa impostazione viene ignorata dal motore del parser di tag.",
	"c_cpp.configuration.dimInactiveRegions.description": "Controlla se i blocchi del preprocessore inattivo vengono colorati in modo diverso rispetto al codice attivo. Questa impostazione non ha alcun effetto se IntelliSense è disabilitato o se si usa il tema Contrasto elevato predefinito.",
	"c_cpp.configuration.inactiveRegionOpacity.description": "Controlla l'opacità dei blocchi del preprocessore inattivi. Può essere impostata su un valore compreso tra 0,1 e 1,0. Questa impostazione viene applicata solo se è abilitata l'attenuazione delle aree inattive.",
	"c_cpp.configuration.inactiveRegionForegroundColor.description": "Controlla la colorazione dei caratteri dei blocchi del preprocessore inattivi. L'input è costituito da codice a colori esadecimale o da un colore del tema valido. Se non è impostata, per impostazione predefinita viene usato lo schema di colorazione della sintassi dell'editor. Questa impostazione viene applicata solo se è abilitata l'attenuazione delle aree inattive.",
	"c_cpp.configuration.inactiveRegionBackgroundColor.description": "Controlla la colorazione di sfondo dei blocchi del preprocessore inattivi. L'input è costituito da codice a colori esadecimale o da un colore del tema valido. Se non è impostata, l'impostazione predefinita è trasparente. Questa impostazione viene applicata solo se è abilitata l'attenuazione delle aree inattive.",
	"c_cpp.configuration.formatting.description": "Con \"Default\" viene abilitata la formattazione del codice. Con \"Disabled\" viene disabilitata la formattazione del codice.",
	"c_cpp.configuration.loggingLevel.description": "Livello di dettaglio della registrazione nel pannello di output. L'ordine dei livelli da meno dettagliato a più dettagliato è: Nessuno < Errore < Avviso < Informazioni < Debug.",
	"c_cpp.configuration.autoAddFileAssociations.description": "Controlla se i file vengono aggiunti automaticamente a files.associations quando sono la destinazione di un'operazione di spostamento da un file C/C++.",
	"c_cpp.configuration.workspaceParsingPriority.description": "Controlla se durante l'analisi dei file di area di lavoro non attivi vengono usate le sospensioni per evitare l'uso di tutta la CPU. I valori highest/high/medium/low corrispondono all'incirca al 100/75/50/25% di utilizzo della CPU.",
	"c_cpp.configuration.workspaceSymbols.description": "Simboli da includere nei risultati della query quando viene richiamato 'Vai al simbolo nell'area di lavoro'",
	"c_cpp.configuration.exclusionPolicy.description": "Indica all'estensione quando usare l'opzione \"file.exclude\" per determinare i file da aggiungere al database di esplorazione del codice durante l'attraversamento dei percorsi nella matrice \"browse.path\". \"checkFolders\" indica che i filtri di esclusione verranno valutati una sola volta per ogni cartella (i singoli file non verranno controllati). \"checkFilesAndFolders\" indica che i filtri di esclusione verranno valutati per ogni file e cartella rilevata. Se l'opzione \"files.exclude\" contiene solo cartelle, \"checkFolders\" è la scelta migliore e consentirà di velocizzare l'inizializzazione del database di esplorazione del codice nell'estensione.",
	"c_cpp.configuration.preferredPathSeparator.description": "Carattere usato come separatore di percorso per i risultati di completamento automatico di #include.",
	"c_cpp.configuration.commentContinuationPatterns.items.anyof.string.description": "Criterio con cui inizia un blocco di commento su più righe o su una sola riga. Il criterio di continuazione è impostato su ' * ' per i blocchi di commento su più righe o su questa stringa per i blocchi di commento su una sola riga.",
	"c_cpp.configuration.commentContinuationPatterns.items.anyof.object.begin.description": "Criterio con cui inizia un blocco di commento su più righe o su una sola riga.",
	"c_cpp.configuration.commentContinuationPatterns.items.anyof.object.continue.description": "Testo che verrà inserito alla riga successiva quando si preme INVIO all'interno di un blocco di commento su più righe o su una sola riga.",
	"c_cpp.configuration.commentContinuationPatterns.description": "Definisce il comportamento dell'editor quando si preme il tasto INVIO all'interno di un blocco di commento su più righe o su una sola riga.",
	"c_cpp.configuration.configurationWarnings.description": "Determina se verranno visualizzate le notifiche popup quando un'estensione del provider di configurazione non riesce a fornire una configurazione per un file di origine.",
	"c_cpp.configuration.intelliSenseCachePath.description": "Definisce il percorso della cartella per le intestazioni precompilate memorizzate nella cache usate da IntelliSense. Il percorso predefinito della cache è \"%LocalAppData%/Microsoft/vscode-cpptools\" in Windows, \"$XDG_CACHE_HOME/vscode-cpptools/\" in Linux (o \"~/.cache/vscode-cpptools/\" se XDG_CACHE_HOME non è definito) e \"~/Library/Caches/vscode-cpptools/\" in Mac. Verrà usato il percorso predefinito se non ne viene specificato nessuno o se ne viene specificato uno non valido.",
	"c_cpp.configuration.intelliSenseCacheSize.description": "Dimensioni massime dello spazio su disco rigido per area di lavoro in MB per le intestazioni precompilate memorizzate nella cache. L'utilizzo effettivo potrebbe aggirarsi intorno a questo valore. Le dimensioni predefinite sono pari a 5120 MB. La memorizzazione nella cache dell'intestazione precompilata è disabilitata quando le dimensioni sono pari a 0.",
	"c_cpp.configuration.default.includePath.description": "Valore da usare in una configurazione se \"includePath\" non è specificato oppure valori da inserire se \"${default}\" è presente in \"includePath\".",
	"c_cpp.configuration.default.defines.description": "Valore da usare in una configurazione se \"defines\" non è specificato oppure valori da inserire se \"${default}\" è presente in \"defines\".",
	"c_cpp.configuration.default.macFrameworkPath.description": "Valore da usare in una configurazione se \"macFrameworkPath\" non è specificato oppure valori da inserire se \"${default}\" è presente in \"macFrameworkPath\".",
	"c_cpp.configuration.default.windowsSdkVersion.description": "Versione del percorso di inclusione di Windows SDK da usare in Windows, ad esempio '10.0.17134.0'.",
	"c_cpp.configuration.default.compileCommands.description": "Valore da usare in una configurazione se \"compileCommands\" non è specificato o impostato su \"${default}\".",
	"c_cpp.configuration.default.forcedInclude.description": "Valore da usare in una configurazione se \"forcedInclude\" non è specificato oppure valori da inserire se \"${default}\" è presente in \"forcedInclude\".",
	"c_cpp.configuration.default.intelliSenseMode.description": "Valore da usare in una configurazione se \"intelliSenseMode\" non è specificato o impostato su \"${default}\".",
	"c_cpp.configuration.default.compilerPath.description": "Valore da usare in una configurazione se \"compilerPath\" non è specificato o impostato su \"${default}\".",
	"c_cpp.configuration.default.compilerArgs.description": "Valore da usare nella configurazione se \"compilerArgs\" non è specificato o impostato su \"${default}\".",
	"c_cpp.configuration.default.cStandard.description": "Valore da usare in una configurazione se \"cStandard\" non è specificato o impostato su \"${default}\".",
	"c_cpp.configuration.default.cppStandard.description": "Valore da usare in una configurazione se \"cppStandard\" non è specificato o impostato su \"${default}\".",
	"c_cpp.configuration.default.configurationProvider.description": "Valore da usare in una configurazione se \"configurationProvider\" non è specificato o impostato su \"${default}\".",
	"c_cpp.configuration.default.browse.path.description": "Valore da usare in una configurazione se \"browse.path\" non è specificato oppure valori da inserire se \"${default}\" è presente in \"browse.path\".",
	"c_cpp.configuration.default.browse.databaseFilename.description": "Valore da usare in una configurazione se \"browse.databaseFilename\" non è specificato o impostato su \"${default}\".",
	"c_cpp.configuration.default.browse.limitSymbolsToIncludedHeaders.description": "Valore da usare in una configurazione se \"browse.limitSymbolsToIncludedHeaders\" non è specificato o impostato su \"${default}\".",
	"c_cpp.configuration.default.systemIncludePath.description": "Valore da usare per il percorso di inclusione di sistema. Se è impostato, esegue l'override del percorso di inclusione di sistema acquisito con le impostazioni \"compilerPath\" e \"compileCommands\".",
	"c_cpp.configuration.default.enableConfigurationSquiggles.description": "Controlla se l'estensione segnalerà errori rilevati in c_cpp_properties.json.",
	"c_cpp.configuration.updateChannel.description": "Impostare su \"Insider\" per scaricare e installare automaticamente le build Insider più recenti dell'estensione, che includono funzionalità in arrivo e correzioni di bug.",
	"c_cpp.configuration.experimentalFeatures.description": "Controlla se le funzionalità \"sperimentali\" sono utilizzabili.",
	"c_cpp.configuration.suggestSnippets.description": "Se è true, i frammenti vengono forniti dal server di linguaggio.",
	"c_cpp.configuration.enhancedColorization.description": "Se questa opzione è abilitata, il codice viene colorato in base a IntelliSense. Questa impostazione non ha alcun effetto se IntelliSense è disabilitato o se si usa il tema Contrasto elevato predefinito.",
	"c_cpp.configuration.vcpkg.enabled.markdownDescription": "Abilita i servizi di integrazione per l'[utilità di gestione dipendenze di vcpkg] (https://aka.ms/vcpkg/).",
	"c_cpp.configuration.renameRequiresIdentifier.description": "Se è true, con 'Rinomina simbolo' sarà richiesto un identificatore C/C++ valido.",
	"c_cpp.contributes.views.cppReferencesView.title": "C/C++: Risultati altri riferimenti",
	"c_cpp.contributes.viewsContainers.activitybar.CppRenameActivityBar.title": "Ridenominazione C/C++",
	"c_cpp.contributes.views.cppRenamePendingView.title": "RIDENOMINAZIONE IN SOSPESO",
	"c_cpp.contributes.views.cppRenameCandidatesView.title": "CANDIDATI PER RIDENOMINAZIONE",
	"c_cpp.command.CppRenameView.remove.title": "Rimuovi riferimento",
	"c_cpp.command.CppRenameView.add.title": "Aggiungi riferimento",
	"c_cpp.command.CppRenameView.removeAll.title": "Rimuovi tutti i riferimenti",
	"c_cpp.command.CppRenameView.addAll.title": "Aggiungi tutti i riferimenti",
	"c_cpp.command.CppRenameView.removeFile.title": "Rimuovi riferimenti nel file",
	"c_cpp.command.CppRenameView.addFile.title": "Aggiungi riferimenti nel file",
	"c_cpp.command.CppRenameView.addReferenceType.title": "Aggiungi riferimenti di tipo",
	"c_cpp.command.CppRenameView.cancel.title": "Annulla ridenominazione",
	"c_cpp.command.CppRenameView.done.title": "Esegui commit della ridenominazione",
	"c_cpp.debuggers.pipeTransport.description": "Se presente, indica al debugger di connettersi a un computer remoto usando come pipe un altro eseguibile che inoltra l'input/output standard tra VS Code e l'eseguibile back-end del debugger abilitato per MI, ad esempio gdb.",
	"c_cpp.debuggers.pipeTransport.default.pipeProgram": "immettere il percorso completo per il nome del programma pipe, ad esempio '/usr/bin/ssh'",
	"c_cpp.debuggers.pipeTransport.default.debuggerPath": "Percorso completo del debugger nel computer di destinazione, ad esempio /usr/bin/gdb.",
	"c_cpp.debuggers.pipeTransport.debuggerPath.description": "Percorso completo del debugger nel computer di destinazione, ad esempio /usr/bin/gdb.",
	"c_cpp.debuggers.pipeTransport.pipeCwd.description": "Percorso completo della directory di lavoro del programma pipe.",
	"c_cpp.debuggers.pipeTransport.pipeProgram.description": "Comando pipe completo da eseguire.",
	"c_cpp.debuggers.pipeTransport.pipeArgs.description": "Argomenti della riga di comando passati al programma pipe per configurare la connessione.",
	"c_cpp.debuggers.pipeTransport.pipeEnv.description": "Variabili di ambiente passate al programma pipe.",
	"c_cpp.debuggers.logging.description": "Flag facoltativi per determinare i tipi di messaggi da registrare nella Console di debug.",
	"c_cpp.debuggers.logging.exceptions.description": "Flag facoltativo per determinare se i messaggi di eccezione devono essere registrati nella Console di debug. Il valore predefinito è true.",
	"c_cpp.debuggers.logging.moduleLoad.description": "Flag facoltativo per determinare se gli eventi di caricamento del modulo devono essere registrati nella Console di debug. Il valore predefinito è true.",
	"c_cpp.debuggers.logging.programOutput.description": "Flag facoltativo per determinare se l'output del programma deve essere registrato nella Console di debug. Il valore predefinito è true.",
	"c_cpp.debuggers.logging.engineLogging.description": "Flag facoltativo per determinare se i messaggi del motore di debug di diagnostica devono essere registrati nella Console di debug. Il valore predefinito è false.",
	"c_cpp.debuggers.logging.trace.description": "Flag facoltativo per determinare se la traccia dei comandi dell'adattatore di diagnostica deve essere registrata nella Console di debug. Il valore predefinito è false.",
	"c_cpp.debuggers.logging.traceResponse.description": "Flag facoltativo per determinare se la traccia dei comandi e delle risposte dell'adattatore di diagnostica deve essere registrata nella Console di debug. Il valore predefinito è false.",
	"c_cpp.debuggers.text.description": "Comando del debugger da eseguire.",
	"c_cpp.debuggers.description.description": "Descrizione facoltativa del comando.",
	"c_cpp.debuggers.ignoreFailures.description": "Se è true, gli errori del comando devono essere ignorati. Il valore predefinito è false.",
	"c_cpp.debuggers.program.description": "Percorso completo dell'eseguibile del programma.",
	"c_cpp.debuggers.args.description": "Argomenti della riga di comando passati al programma.",
	"c_cpp.debuggers.cppdbg.type.description": "Tipo del motore. Deve essere \"cppdbg\".",
	"c_cpp.debuggers.cppvsdbg.type.description": "Tipo del motore. Deve essere \"cppvsdbg\".",
	"c_cpp.debuggers.targetArchitecture.description": "Architettura dell'oggetto del debug. Verrà rilevata automaticamente a meno che non sia impostato questo parametro. Valori consentiti: x86, arm, arm64, mips, x64, amd64, x86_64.",
	"c_cpp.debuggers.cwd.description": "Directory di lavoro della destinazione",
	"c_cpp.debuggers.setupCommands.description": "Uno o più comandi GDB/LLDB da eseguire per configurare il debugger sottostante. Esempio: \"setupCommands\": [ { \"text\": \"-enable-pretty-printing\", \"description\": \"Enable GDB pretty printing\", \"ignoreFailures\": true }].",
	"c_cpp.debuggers.customLaunchSetupCommands.description": "Se specificato, sostituisce con altri comandi i comandi predefiniti usati per avviare una destinazione. Può ad esempio essere impostato su \"-target-attach\" per eseguire il collegamento a un processo di destinazione. Se si specifica un elenco di comandi vuoto, i comandi di avvio non verranno sostituiti con altri comandi. Tale impostazione è utile se come opzioni della riga di comando del debugger vengono specificate opzioni di avvio. Esempio: \"customLaunchSetupCommands\": [ { \"text\": \"target-run\", \"description\": \"run target\", \"ignoreFailures\": false }].",
	"c_cpp.debuggers.launchCompleteCommand.description": "Il comando da eseguire dopo il debugger è completamente configurato in modo da consentire l'esecuzione del processo di destinazione. I valori consentiti sono \"exec-run\", \"exec-continue\", \"None\". Il valore predefinito è \"exec-run\".",
	"c_cpp.debuggers.cppdbg.visualizerFile.description": "File con estensione natvis da usare durante il debug di questo processo. Questa opzione non è compatibile con la riformattazione GDB. Se si usa questa impostazione, vedere anche \"showDisplayString\".",
	"c_cpp.debuggers.cppvsdbg.visualizerFile.description": "File con estensione natvis da usare durante il debug di questo processo.",
	"c_cpp.debuggers.showDisplayString.description": "Quando si specifica un oggetto visualizerFile, showDisplayString abilita la stringa di visualizzazione. L'attivazione di questa opzione può comportare un rallentamento delle prestazioni durante il debug.",
	"c_cpp.debuggers.environment.description": "Variabili di ambiente da aggiungere all'ambiente per il programma. Esempio: [ { \"name\": \"squid\", \"value\": \"clam\" } ].",
	"c_cpp.debuggers.envFile.description": "Percorso assoluto di un file contenente le definizioni delle variabili di ambiente. Questo file contiene su ogni riga coppie chiave-valore separate da un segno di uguale, ad esempio KEY=VALUE",
	"c_cpp.debuggers.additionalSOLibSearchPath.description": "Elenco di directory delimitate da punto e virgola da usare per la ricerca di file con estensione so. Esempio: \"c:\\dir1;c:\\dir2\".",
	"c_cpp.debuggers.MIMode.description": "Indica il debugger della console a cui si connetterà MIDebugEngine. I valori consentiti sono \"gdb\" e \"lldb\".",
	"c_cpp.debuggers.miDebuggerPath.description": "Percorso del debugger MI, ad esempio gdb. Se non viene specificato, il debugger verrà cercato prima in PATH.",
	"c_cpp.debuggers.miDebuggerArgs.description": "Argomenti aggiuntivi per il debugger MI, ad esempio gdb.",
	"c_cpp.debuggers.miDebuggerServerAddress.description": "Indirizzo di rete del server del debugger MI a cui connettersi. Esempio: localhost:1234.",
	"c_cpp.debuggers.stopAtEntry.description": "Parametro facoltativo. Se è true, il debugger deve arrestarsi in corrispondenza del punto di ingresso della destinazione. Se viene passato ProcessId, non ha alcun effetto.",
	"c_cpp.debuggers.debugServerPath.description": "Percorso completo facoltativo del server di debug da avviare. L'impostazione predefinita è null.",
	"c_cpp.debuggers.debugServerArgs.description": "Argomenti facoltativi del server di debug. L'impostazione predefinita è null.",
	"c_cpp.debuggers.serverStarted.description": "Criterio facoltativo avviato dal server per cercare nell'output del server di debug. L'impostazione predefinita è null.",
	"c_cpp.debuggers.filterStdout.description": "Cerca il criterio avviato dal server nel flusso stdout e registra stdout nell'output di debug. L'impostazione predefinita è true.",
	"c_cpp.debuggers.filterStderr.description": "Cerca il criterio avviato dal server nel flusso stderr e registra stderr nell'output di debug. L'impostazione predefinita è false.",
	"c_cpp.debuggers.serverLaunchTimeout.description": "Tempo facoltativo in millisecondi in cui il debugger deve attendere l'avvio di debugServer. L'impostazione predefinita è 10000.",
	"c_cpp.debuggers.coreDumpPath.description": "Percorso completo facoltativo di un file dump di base per il programma specificato. L'impostazione predefinita è null.",
	"c_cpp.debuggers.cppdbg.externalConsole.description": "Se è true, viene avviata una console per l'oggetto del debug. Se è false, in Linux e Windows verrà visualizzato nella console integrata.",
	"c_cpp.debuggers.cppvsdbg.externalConsole.description": "Se è true, viene avviata una console per l'oggetto del debug. Se è false, non viene avviata alcuna console.",
	"c_cpp.debuggers.avoidWindowsConsoleRedirection.description": "Se è true, disabilita il reindirizzamento della console dell'oggetto del debug richiesto per il supporto del terminale integrato.",
	"c_cpp.debuggers.sourceFileMap.description": "Mapping facoltativi dei file di origine passati al motore di debug. Esempio: '{ \"/original/source/path\":\"/current/source/path\" }'",
	"c_cpp.debuggers.processId.anyOf.description": "ID processo facoltativo a cui collegare il debugger. Usare \"${command:pickProcess}\" per ottenere un elenco dei processi locali in esecuzione a cui collegarsi. Tenere presente che alcune piattaforme richiedono privilegi di amministratore per collegarsi a un processo.",
	"c_cpp.debuggers.symbolSearchPath.description": "Elenco di directory delimitate da punto e virgola da usare per la ricerca di file di simboli, ovvero PDB. Esempio: \"c:\\dir1;c:\\dir2\".",
	"c_cpp.debuggers.dumpPath.description": "Percorso completo facoltativo di un file dump per il programma specificato. Esempio: \"c:\\temp\\app.dmp\". L'impostazione predefinita è Null.",
	"c_cpp.debuggers.enableDebugHeap.description": "Se è false, il processo verrà avviato con l'heap di debug disabilitato. Imposta la variabile di ambiente '_NO_DEBUG_HEAP' su '1'.",
	"c_cpp.debuggers.symbolLoadInfo.description": "Controllo esplicito del caricamento dei simboli.",
	"c_cpp.debuggers.symbolLoadInfo.loadAll.description": "Se è true, verranno caricati i simboli per tutte le librerie; in caso contrario, non verrà caricato alcun simbolo di solib. Il valore predefinito è true.",
	"c_cpp.debuggers.symbolLoadInfo.exceptionList.description": "Elenco di nomi di file (caratteri jolly consentiti) delimitati da punti e virgola ';'. Modifica il comportamento di LoadAll. Se LoadAll è true, non carica i simboli per le librerie corrispondenti a qualsiasi nome dell'elenco. In caso contrario, carica solo i simboli per le librerie corrispondenti. Esempio: \"foo.so;bar.so\"",
	"c_cpp.debuggers.requireExactSource.description": "Flag facoltativo per richiedere che il codice sorgente corrente corrisponda al PDB."
}