{
	"c_cpp.command.configurationSelect.title": "Yapılandırma Seçin...",
	"c_cpp.command.configurationProviderSelect.title": "Yapılandırma Sağlayıcısını Değiştir...",
	"c_cpp.command.configurationEditJSON.title": "Yapılandırmaları Düzenle (JSON)",
	"c_cpp.command.configurationEditUI.title": "Yapılandırmaları Düzenle (UI)",
	"c_cpp.command.switchHeaderSource.title": "Üst Bilgiyi/Kaynağı Değiştir",
	"c_cpp.command.enableErrorSquiggles.title": "Hata İlişkilendirmelerini Etkinleştir",
	"c_cpp.command.disableErrorSquiggles.title": "Hata İlişkilendirmelerini Devre Dışı Bırak",
	"c_cpp.command.toggleIncludeFallback.title": "Ekleme Hatalarında IntelliSense Altyapısı Geri Dönüşünü Aç/Kapat",
	"c_cpp.command.toggleDimInactiveRegions.title": "Etkin Olmayan Bölge Renklendirmeyi Aç/Kapat",
	"c_cpp.command.resetDatabase.title": "IntelliSense Veritabanını Sıfırla",
	"c_cpp.command.takeSurvey.title": "Ankete Katılın",
	"c_cpp.command.buildAndDebugActiveFile.title": "Etkin Dosyayı Derle ve Dosyada Hata Ayıkla",
	"c_cpp.command.logDiagnostics.title": "Günlük Tanılama",
	"c_cpp.command.referencesViewGroupByType.title": "Başvuru Türüne Göre Gruplandır",
	"c_cpp.command.referencesViewUngroupByType.title": "Başvuru Türüne göre Grubu Çöz",
	"c_cpp.command.rescanWorkspace.title": "Çalışma Alanını Yeniden Tara",
	"c_cpp.command.vcpkgClipboardInstallSuggested.title": "vcpkg yükleme komutunu panoya kopyalayın",
	"c_cpp.command.vcpkgOnlineHelpSuggested.title": "vcpkg yardım sayfasını ziyaret edin",
	"c_cpp.configuration.clang_format_path.description": "Clang-format yürütülebilir dosyasının tam yolu. Belirtilmezse ve ortam yolunda clang-format kullanılabiliyorsa, bu kullanılır.  Ortam yolunda bulunmazsa, uzantı ile paketlenmiş bir clang-format kopyası kullanılır.",
	"c_cpp.configuration.clang_format_style.description": "Kodlama stili şu anda şunları destekliyor: Visual Studio, LLVM, Google, Chromium, Mozilla, WebKit. Geçerli veya üst dizindeki .clang-format dosyasından stili yüklemek için \"file\" kullanın. Belirli parametreleri ayarlamak için {anahtar: değer, ...} kullanın. Örneğin, \"Visual Studio\" stili şuna benzer: { BasedOnStyle: LLVM, UseTab: Never, IndentWidth: 4, TabWidth: 4, BreakBeforeBraces: Allman, AllowShortIfStatementsOnASingleLine: false, IndentCaseLabels: false, ColumnLimit: 0, AccessModifierOffset: -4 }",
	"c_cpp.configuration.clang_format_fallbackStyle.description": "Clang-format, \"dosya\" stiliyle çağrıldığında geri dönüş olarak kullanılan önceden tanımlı stilin adı, ancak .clang-format dosyası bulunamadı. Olası değerler: Visual Studio, LLVM, Google, Chromium, Mozilla, WebKit, none veya belirli parametreleri ayarlamak için {anahtar: değer, ...} kullanın. Örneğin, \"Visual Studio\" stili şuna benzer: {BasedOnStyle: LLVM, UseTab: Never, IndentWidth: 4, TabWidth: 4, BreakBeforeBraces: Allman, AllowShortIfStatementsOnASingleLine: false, IndentCaseLabels: false, ColumnLimit: 0, AccessModifierOffset: -4 }",
	"c_cpp.configuration.clang_format_sortIncludes.description": "Ayarlanırsa, SortIncludes parametresi tarafından belirlenen ekleme sıralama davranışını geçersiz kılar.",
	"c_cpp.configuration.intelliSenseEngine.description": "IntelliSense sağlayıcısını denetler. \"Etiket Ayrıştırıcısı\", bağlama duyarlı olmayan \"belirsiz\" sonuçlar sağlar. \"Varsayılan\", bağlama duyarlı sonuçlar sağlar. \"Devre dışı\", C/C++ dil hizmeti özelliklerini kapatır.",
	"c_cpp.configuration.intelliSenseEngineFallback.description": "IntelliSense altyapısının #include hatalarını içeren çeviri birimleri için otomatik olarak Etiket Ayrıştırıcısı'na geçip geçmeyeceğini denetler.",
	"c_cpp.configuration.autocomplete.description": "Otomatik tamamlama sağlayıcısını denetler. \"Varsayılan\", etkin IntelliSense altyapısını kullanır. \"Devre dışı\", Visual Studio Code tarafından sağlanan sözcük tabanlı tamamlamayı kullanır.",
	"c_cpp.configuration.errorSquiggles.description": "IntelliSense altyapısı tarafından algılanan şüpheli derleme hatalarının düzenleyiciye geri bildirilip bildirilmeyeceğini denetler. Bu ayar, Etiket Ayrıştırıcısı altyapısı tarafından yoksayılır.",
	"c_cpp.configuration.dimInactiveRegions.description": "Etkin olmayan ön işlemci bloklarının etkin koddan farklı renkte olup olmadığını denetler. IntelliSense devre dışı bırakılmışsa veya Varsayılan Yüksek Karşıtlık teması kullanılıyorsa bu ayarın bir etkisi olmaz.",
	"c_cpp.configuration.inactiveRegionOpacity.description": "Etkin olmayan ön işlemci bloklarının opaklığını denetler. 0,1 ile 1,0 arasında ölçeklendirir. Bu ayar yalnızca etkin olmayan bölge karartma etkinleştirildiğinde uygulanır.",
	"c_cpp.configuration.inactiveRegionForegroundColor.description": "Etkin olmayan ön işlemci bloklarının yazı tipi renklendirmesini denetler. Giriş, onaltılık bir renk kodu şeklinde veya geçerli bir Tema Rengidir. Ayarlanmamışsa, bu ayar varsayılan olarak düzenleyicinin söz dizimi renklendirme düzeninde olur. Bu ayar yalnızca etkin olmayan bölge karartma etkinleştirildiğinde uygulanır.",
	"c_cpp.configuration.inactiveRegionBackgroundColor.description": "Etkin olmayan ön işlemci bloklarının arka plan renklendirmesini denetler. Giriş, onaltılık bir renk kodu şeklinde veya geçerli bir Tema Rengidir. Ayarlanmamışsa, bu ayar varsayılan olarak saydamdır. Bu ayar yalnızca etkin olmayan bölge karartma etkinleştirildiğinde uygulanır.",
	"c_cpp.configuration.formatting.description": "\"Varsayılan\", kod biçimlendirmesini etkinleştirir. \"Devre dışı\", kod biçimlendirmesini devre dışı bırakır.",
	"c_cpp.configuration.loggingLevel.description": "Çıkış Panelinde günlük kaydı ayrıntı düzeyi. En az ayrıntılıdan en çok ayrıntılıya düzey sırası: Yok < Hata < Uyarı < Bilgi < Hata Ayıklama.",
	"c_cpp.configuration.autoAddFileAssociations.description": "Dosyaların, bir C/C++ dosyasındaki gezinme işleminin hedefi olduklarında otomatik olarak files.associations öğesine eklenip eklenmeyeceğini denetler.",
	"c_cpp.configuration.workspaceParsingPriority.description": "Etkin olmayan çalışma alanı dosyalarını ayrıştırma işleminin, CPU'nun %100'ünü kullanmaktan kaçınmak için uyku modunu kullanıp kullanmadığını denetler. En yüksek/yüksek/orta/düşük değerleri, yaklaşık olarak %100/75/50/25 CPU kullanımına karşılık gelir.",
	"c_cpp.configuration.workspaceSymbols.description": "'Çalışma Alanındaki Sembole Git' çağrıldığında sorgu sonuçlarına eklenecek semboller",
	"c_cpp.configuration.exclusionPolicy.description": "\"browse.path\" dizisindeki yollarda dolaşırken, kod gezinti veritabanına hangi dosyaların ekleneceği belirlendiği sırada uzantıya \"files.exclude\" ayarının ne zaman kullanılacağını söyler. \"checkFolders\", dışlama filtrelerinin klasör başına yalnızca bir kez değerlendirileceği anlamına gelir (dosyalar tek tek denetlenmez). \"checkFilesAndFolders\", dışlama filtrelerinin karşılaşılan her dosya ve klasöre göre değerlendirileceği anlamına gelir. \"files.exclude\" ayarınız yalnızca klasörler içeriyorsa, \"checkFolders\" en iyi seçimdir ve uzantının kod gezinti veritabanını başlatabilme hızını artırır.",
	"c_cpp.configuration.preferredPathSeparator.description": "#include otomatik tamamlama sonuçları için yol ayırıcısı olarak kullanılan karakter.",
	"c_cpp.configuration.commentContinuationPatterns.items.anyof.string.description": "Çok satırlı veya tek satırlı açıklama bloğu başlatan desen. Devam deseni, çok satırlı açıklama blokları için varsayılan olarak ' * ' değerini veya tek satırlı açıklama blokları için bu dize değerini alır.",
	"c_cpp.configuration.commentContinuationPatterns.items.anyof.object.begin.description": "Çok satırlı veya tek satırlı açıklama bloğu başlatan desen.",
	"c_cpp.configuration.commentContinuationPatterns.items.anyof.object.continue.description": "Çok satırlı veya tek satırlı açıklama bloğu içinde ENTER tuşuna basıldığında sonraki satıra eklenecek metin.",
	"c_cpp.configuration.commentContinuationPatterns.description": "Çok satırlı veya tek satırlı açıklama bloğu içinde ENTER tuşuna basıldığında yapılacak düzenleyici davranışını tanımlar.",
	"c_cpp.configuration.configurationWarnings.description": "Bir yapılandırma sağlayıcı uzantısı kaynak dosya için yapılandırma sağlayamadığında açılır pencere bildirimlerinin gösterilip gösterilmeyeceğini belirler.",
	"c_cpp.configuration.intelliSenseCachePath.description": "IntelliSense tarafından kullanılan, önbelleğe alınan önceden derlenmiş üst bilgilerin klasör yolunu tanımlar. Varsayılan önbellek yolu Windows üzerinde \"%LocalAppData%/Microsoft/vscode-cpptools\", Linux üzerinde \"$XDG_CACHE_HOME/vscode-cpptools/\" (veya XDG_CACHE_HOME tanımlanmamışsa \"~/.cache/vscode-cpptools/\") ve Mac üzerinde \"~/Library/Caches/vscode-cpptools/\" şeklindedir. Yol belirtilmezse veya belirtilen yol geçersizse varsayılan yol kullanılır.",
	"c_cpp.configuration.intelliSenseCacheSize.description": "Önbelleğe alınan önceden derlenmiş üst bilgiler için çalışma alanı başına sabit sürücü alanının megabayt cinsinden boyut üst sınırı. Gerçek kullanım bu değere yakın seyredebilir. Varsayılan boyut 5120 MB'tır. Boyut 0 olduğunda önceden derlenmiş üst bilgiyi önbelleğe alma özelliği devre dışı bırakılır.",
	"c_cpp.configuration.default.includePath.description": "\"includePath\" belirtilmemişse bir yapılandırmada kullanılacak değer veya \"includePath\" içinde \"${default}\" varsa eklenecek değerler.",
	"c_cpp.configuration.default.defines.description": "\"defines\" belirtilmemişse bir yapılandırmada kullanılacak değer veya \"defines\" içinde \"${default}\" varsa eklenecek değerler.",
	"c_cpp.configuration.default.macFrameworkPath.description": "\"macFrameworkPath\" belirtilmemişse bir yapılandırmada kullanılacak değer veya \"macFrameworkPath\" içinde \"${default}\" varsa eklenecek değerler.",
	"c_cpp.configuration.default.windowsSdkVersion.description": "Windows üzerinde kullanılacak Windows SDK ekleme yolu sürümü, ör. '10.0.17134.0'.",
	"c_cpp.configuration.default.compileCommands.description": "\"compileCommands\" belirtilmemişse veya \"${default}\" olarak ayarlanmışsa bir yapılandırmada kullanılacak değer.",
	"c_cpp.configuration.default.forcedInclude.description": "\"forcedInclude\" belirtilmemişse bir yapılandırmada kullanılacak değer veya \"forcedInclude\" içinde \"${default}\" varsa eklenecek değerler.",
	"c_cpp.configuration.default.intelliSenseMode.description": "\"intelliSenseMode\" belirtilmemişse veya \"${default}\" olarak ayarlanmışsa bir yapılandırmada kullanılacak değer.",
	"c_cpp.configuration.default.compilerPath.description": "\"compilerPath\" belirtilmemişse veya \"${default}\" olarak ayarlanmışsa bir yapılandırmada kullanılacak değer.",
	"c_cpp.configuration.default.compilerArgs.description": "\"compilerArgs\" belirtilmemişse veya \"${default}\" olarak ayarlanmışsa bir yapılandırmada kullanılacak değer.",
	"c_cpp.configuration.default.cStandard.description": "\"cStandard\" belirtilmemişse veya \"${default}\" olarak ayarlanmışsa bir yapılandırmada kullanılacak değer.",
	"c_cpp.configuration.default.cppStandard.description": "\"cppStandard\" belirtilmemişse veya \"${default}\" olarak ayarlanmışsa bir yapılandırmada kullanılacak değer.",
	"c_cpp.configuration.default.configurationProvider.description": "\"configurationProvider\" belirtilmemişse veya \"${default}\" olarak ayarlanmışsa bir yapılandırmada kullanılacak değer.",
	"c_cpp.configuration.default.browse.path.description": "\"browse.path\" belirtilmemişse bir yapılandırmada kullanılacak değer veya \"browse.path\" içinde \"${default}\" varsa eklenecek değerler.",
	"c_cpp.configuration.default.browse.databaseFilename.description": "\"browse.databaseFilename\" belirtilmemişse veya \"${default}\" olarak ayarlanmamışsa bir yapılandırmada kullanılacak değer.",
	"c_cpp.configuration.default.browse.limitSymbolsToIncludedHeaders.description": "\"browse.limitSymbolsToIncludedHeaders\" belirtilmemişse veya \"${default}\" olarak ayarlanmamışsa bir yapılandırmada kullanılacak değer.",
	"c_cpp.configuration.default.systemIncludePath.description": "Sistem ekleme yolu için kullanılacak değer. Ayarlanırsa \"compilerPath\" ve \"compileCommands\" ayarları aracılığıyla elde edilen sistem ekleme yolunu geçersiz kılar.",
	"c_cpp.configuration.default.enableConfigurationSquiggles.description": "Uzantının c_cpp_properties.json dosyasında algılanan hataları bildirip bildirmeyeceğini denetler.",
	"c_cpp.configuration.updateChannel.description": "Uzantının, gelecek özellikleri ve hata düzeltmelerini de içeren en son Insider üyeleri derlemelerini otomatik olarak indirip yüklemek için \"Insider üyeleri\" olarak ayarlayın.",
	"c_cpp.configuration.experimentalFeatures.description": "\"Deneysel\" özelliklerin kullanılabilir olup olmadığını denetler.",
	"c_cpp.configuration.suggestSnippets.description": "Değer true ise, kod parçacıkları dil sunucusu tarafından sağlanır.",
	"c_cpp.configuration.enhancedColorization.description": "Etkinleştirilirse, kod IntelliSense'e göre renklendirilir. IntelliSense devre dışı bırakılmışsa veya Varsayılan Yüksek Karşıtlık teması kullanılıyorsa bu ayarın bir etkisi olmaz.",
	"c_cpp.configuration.vcpkg.enabled.markdownDescription": "[vcpkg bağımlılık yöneticisi](https://aka.ms/vcpkg/) için tümleştirme hizmetlerini etkinleştirin.",
	"c_cpp.configuration.renameRequiresIdentifier.description": "True ise, 'Sembolü Yeniden Adlandır' işlemi için geçerli bir C/C++ tanımlayıcısı gerekir.",
	"c_cpp.contributes.views.cppReferencesView.title": "C/C++: Diğer başvuru sonuçları",
	"c_cpp.contributes.viewsContainers.activitybar.CppRenameActivityBar.title": "C/C++ Yeniden Adlandırma",
	"c_cpp.contributes.views.cppRenamePendingView.title": "YENİDEN ADLANDIRMA BEKLENİYOR",
	"c_cpp.contributes.views.cppRenameCandidatesView.title": "YENİDEN ADLANDIRMA ADAYLARI",
	"c_cpp.command.CppRenameView.remove.title": "Hedefi Kaldır",
	"c_cpp.command.CppRenameView.add.title": "Başvuru Ekle",
	"c_cpp.command.CppRenameView.removeAll.title": "Tüm Başvuruları Kaldır",
	"c_cpp.command.CppRenameView.addAll.title": "Tüm Başvuruları Ekle",
	"c_cpp.command.CppRenameView.removeFile.title": "Dosyadaki Başvuruları Kaldır",
	"c_cpp.command.CppRenameView.addFile.title": "Dosyadaki Başvuruları Ekle",
	"c_cpp.command.CppRenameView.addReferenceType.title": "Türün Başvurularını Ekle",
	"c_cpp.command.CppRenameView.cancel.title": "Yeniden Adlandırmayı İptal Et",
	"c_cpp.command.CppRenameView.done.title": "Yeniden Adlandırmayı İşle",
	"c_cpp.debuggers.pipeTransport.description": "Mevcut olduğunda, hata ayıklayıcısına, VS Code ile MI özellikli hata ayıklayıcısı arka uç yürütülebilir dosyası (gdb gibi) arasında standart giriş/çıkış geçişi sağlayan bir kanal olarak görev yapacak başka bir yürütülebilir dosya aracılığıyla uzak bilgisayara bağlanmasını söyler.",
	"c_cpp.debuggers.pipeTransport.default.pipeProgram": "Kanal program adı için tam yolu girin, örneğin '/usr/bin/ssh'",
	"c_cpp.debuggers.pipeTransport.default.debuggerPath": "Hedef makinedeki hata ayıklayıcısının tam yolu. Örneğin: /usr/bin/gdb.",
	"c_cpp.debuggers.pipeTransport.debuggerPath.description": "Hedef makinedeki hata ayıklayıcısının tam yolu. Örneğin: /usr/bin/gdb.",
	"c_cpp.debuggers.pipeTransport.pipeCwd.description": "Kanal programı için çalışma dizininin tam yolu.",
	"c_cpp.debuggers.pipeTransport.pipeProgram.description": "Çalıştırılacak tam kanal komutu.",
	"c_cpp.debuggers.pipeTransport.pipeArgs.description": "Bağlantıyı yapılandırmak için kanal programına geçirilen komut satırı bağımsız değişkenleri.",
	"c_cpp.debuggers.pipeTransport.pipeEnv.description": "Kanal programına geçirilen ortam değişkenleri.",
	"c_cpp.debuggers.logging.description": "Hata Ayıklama Konsoluna ne tür iletilerin kaydedilmesi gerektiğini belirleyen isteğe bağlı bayraklar.",
	"c_cpp.debuggers.logging.exceptions.description": "Özel durum iletilerinin Hata Ayıklama Konsoluna kaydedilmesi gerekip gerekmediğini belirleyen isteğe bağlı bayrak. Varsayılan olarak true değerini alır.",
	"c_cpp.debuggers.logging.moduleLoad.description": "Modül yükleme olaylarının Hata Ayıklama Konsoluna kaydedilmesi gerekip gerekmediğini belirleyen isteğe bağlı bayrak. Varsayılan olarak true değerini alır.",
	"c_cpp.debuggers.logging.programOutput.description": "Program çıkışının Hata Ayıklama Konsoluna kaydedilmesi gerekip gerekmediğini belirleyen isteğe bağlı bayrak. Varsayılan olarak true değerini alır.",
	"c_cpp.debuggers.logging.engineLogging.description": "Tanılama hata ayıklama altyapısı iletilerinin Hata Ayıklama Konsoluna kaydedilmesi gerekip gerekmediğini belirleyen isteğe bağlı bayrak. Varsayılan olarak false değerini alır.",
	"c_cpp.debuggers.logging.trace.description": "Tanılama bağdaştırıcısı komut izlemenin Hata Ayıklama Konsoluna kaydedilmesi gerekip gerekmediğini belirleyen isteğe bağlı bayrak. Varsayılan olarak false değerini alır.",
	"c_cpp.debuggers.logging.traceResponse.description": "Tanılama bağdaştırıcısı komut ve yanıt izlemenin Hata Ayıklama Konsoluna kaydedilmesi gerekip gerekmediğini belirleyen isteğe bağlı bayrak. Varsayılan olarak false değerini alır.",
	"c_cpp.debuggers.text.description": "Çalıştırılacak hata ayıklayıcısı komutu.",
	"c_cpp.debuggers.description.description": "Komut için isteğe bağlı açıklama.",
	"c_cpp.debuggers.ignoreFailures.description": "Değer true ise komuttan gönderilen hatalar yoksayılmalıdır. Varsayılan olarak false değerini alır.",
	"c_cpp.debuggers.program.description": "Program yürütülebilirinin tam yolu.",
	"c_cpp.debuggers.args.description": "Programa geçirilen komut satırı bağımsız değişkenleri.",
	"c_cpp.debuggers.cppdbg.type.description": "Altyapının türü. \"cppdbg\" olmalıdır.",
	"c_cpp.debuggers.cppvsdbg.type.description": "Altyapının türü. \"cppvsdbg\" olmalıdır.",
	"c_cpp.debuggers.targetArchitecture.description": "Hata ayıklananın mimarisi. Bu parametre ayarlanmazsa, bu değer otomatik olarak algılanır. İzin verilen değerler: x86, arm, arm64, mips, x64, amd64, x86_64.",
	"c_cpp.debuggers.cwd.description": "Hedefin çalışma dizini",
	"c_cpp.debuggers.setupCommands.description": "Temel alınan hata ayıklayıcısını ayarlamak için çalıştırılacak bir veya daha fazla GDB/LLDB komutu. Örnek: \"setupCommands\": [ { \"text\": \"-enable-pretty-printing\", \"description\": \"Enable GDB pretty printing\", \"ignoreFailures\": true }].",
	"c_cpp.debuggers.customLaunchSetupCommands.description": "Belirtilmesi durumunda, başka komutlarla hedef başlatmak için kullanılan varsayılan komutların yerine geçer. Örneğin, bir hedef işleme bağlama işlemi için bu, \"-target-attach\" olabilir. Boş bir komut listesi, başlatma komutlarını hiçbir şeyle değiştirmez ve hata ayıklayıcıya komut satırı seçeneği olarak başlatma seçenekleri sağlandığı durumlarda yararlı olabilir. Örnek: \"customLaunchSetupCommands\": [ { \"text\": \"target-run\", \"description\": \"run target\", \"ignoreFailures\": false }].",
	"c_cpp.debuggers.launchCompleteCommand.description": "Hedef işlemin çalıştırılması için, hata ayıklayıcısı tamamen ayarlandıktan sonra çalıştırılacak komut. İzin verilen değerler: \"exec-run\", \"exec-continue\", \"None\". Varsayılan değer \"exec-run\".",
	"c_cpp.debuggers.cppdbg.visualizerFile.description": "Bu işlemde hata ayıklanırken kullanılacak .natvis dosyası. Bu seçenek, GDB düzgün yazdırma ile uyumlu değil. Lütfen bu ayar kullanılıyorsa ayrıca bkz: \"showDisplayString\".",
	"c_cpp.debuggers.cppvsdbg.visualizerFile.description": "Bu işlemde hata ayıklanırken kullanılacak .natvis dosyası.",
	"c_cpp.debuggers.showDisplayString.description": "Bir visualizerFile belirtildiğinde showDisplayString, görünen dizeyi etkinleştirir. Bu seçeneğin etkinleştirilmesi hata ayıklama sırasında daha düşük performansa neden olabilir.",
	"c_cpp.debuggers.environment.description": "Program ortamına eklenecek ortam değişkenleri. Örnek: [ { \"name\": \"squid\", \"value\": \"clam\" } ].",
	"c_cpp.debuggers.envFile.description": "Ortam değişkeni tanımlarını içeren bir dosyanın mutlak yolu. Bu dosyada, satır başına eşittir işaretiyle ayrılmış anahtar değer çiftleri bulunur. Ör. ANAHTAR=DEĞER",
	"c_cpp.debuggers.additionalSOLibSearchPath.description": ".so dosyalarını aramak için kullanılacak dizinlerin noktalı virgülle ayrılmış listesi. Örnek: \"c:\\dizin1;c:\\dizin2\".",
	"c_cpp.debuggers.MIMode.description": "MIDebugEngine'in bağlanacağı konsol hata ayıklayıcısını belirtir. İzin verilen değerler: \"gdb\" \"lldb\".",
	"c_cpp.debuggers.miDebuggerPath.description": "MI hata ayıklayıcısının (gdb gibi) yolu. Belirtilmediğinde, ilk olarak hata ayıklayıcısı için yol araması yapar.",
	"c_cpp.debuggers.miDebuggerArgs.description": "MI hata ayıklayıcısı için ek bağımsız değişkenler (gdb gibi).",
	"c_cpp.debuggers.miDebuggerServerAddress.description": "Bağlanılacak MI Hata Ayıklayıcısı Sunucusunun ağ adresi (örnek: localhost:1234).",
	"c_cpp.debuggers.stopAtEntry.description": "İsteğe bağlı parametre. Değeri true ise, hata ayıklayıcısının hedefin giriş noktasında durması gerekir. processId geçirilirse hiçbir etkisi olmaz.",
	"c_cpp.debuggers.debugServerPath.description": "Başlatılacak hata ayıklama sunucusunun isteğe bağlı tam yolu. Varsayılan olarak şu değeri alır: null.",
	"c_cpp.debuggers.debugServerArgs.description": "İsteğe bağlı hata ayıklama sunucusu bağımsız değişkenleri. Varsayılan olarak şu değeri alır: null.",
	"c_cpp.debuggers.serverStarted.description": "Hata ayıklama sunucusu çıktısında aranacak, sunucu tarafından başlatılan isteğe bağlı model. Varsayılan olarak şu değeri alır: null.",
	"c_cpp.debuggers.filterStdout.description": "Sunucu tarafından başlatılan model için stdout akışını arar ve çıktıda hata ayıklamak için stdout'u günlüğe kaydeder. Varsayılan olarak şu değeri alır: true.",
	"c_cpp.debuggers.filterStderr.description": "Sunucu tarafından başlatılan model için stderr akışını arar ve çıktıda hata ayıklamak için stderr'i günlüğe kaydeder. Varsayılan olarak şu değeri alır: false.",
	"c_cpp.debuggers.serverLaunchTimeout.description": "Hata ayıklayıcının debugServer başlangıcını beklemesi için geçen, milisaniye cinsinden isteğe bağlı süre. Varsayılan değer: 10000.",
	"c_cpp.debuggers.coreDumpPath.description": "Belirtilen program için çekirdek döküm dosyasının isteğe bağlı tam yolu. Varsayılan olarak şu değeri alır: null.",
	"c_cpp.debuggers.cppdbg.externalConsole.description": "Değer true ise, hata ayıklanan işlem için bir konsol başlatılır. Değer false ise, Linux ve Windows'ta Tümleşik Konsolda görünür.",
	"c_cpp.debuggers.cppvsdbg.externalConsole.description": "Değer true ise, hata ayıklanan işlem için bir konsol başlatılır. Değer false ise konsol başlatılmaz.",
	"c_cpp.debuggers.avoidWindowsConsoleRedirection.description": "Değer true ise, Tümleşik Terminal desteği için gerekli olan hata ayıklanan işlem konsol yeniden yönlendirmesini devre dışı bırakır.",
	"c_cpp.debuggers.sourceFileMap.description": "Hata ayıklama altyapısına, isteğe bağlı kaynak dosya eşlemeleri geçirildi. Örnek: '{ \"/özgün/kaynak/yolu\":\"/geçerli/kaynak/yolu\" }'",
	"c_cpp.debuggers.processId.anyOf.description": "Hata ayıklayıcının ekleneceği isteğe bağlı işlem kimliği. Eklenilecek yerel çalışan işlemlerin bir listesini almak için \"${command:pickProcess}\" kullanın. Bazı platformların bir işleme ekleme yapmak için yönetici ayrıcalıkları gerektirdiğini unutmayın.",
	"c_cpp.debuggers.symbolSearchPath.description": "Sembol (yani pdb) dosyalarını aramak için kullanılacak, noktalı virgülle ayrılmış dizinlerin listesi. Örnek: \"c:\\dizin1;c:\\dizin2\".",
	"c_cpp.debuggers.dumpPath.description": "Belirtilen program için döküm dosyasının isteğe bağlı tam yolu. Örnek: \"c:\\temp\\app.dmp\". Varsayılan olarak null değerini alır.",
	"c_cpp.debuggers.enableDebugHeap.description": "Değer false ise, işlem hata ayıklama yığını devre dışı bırakılarak başlatılır. Bu işlem '_NO_DEBUG_HEAP' ortam değişkenini '1' olarak ayarlar.",
	"c_cpp.debuggers.symbolLoadInfo.description": "Sembol yüklemesinin açık denetimi.",
	"c_cpp.debuggers.symbolLoadInfo.loadAll.description": "True ise tüm kitaplıklar için semboller yüklenir, aksi halde hiçbir solib sembolü yüklenmez. Varsayılan değer: true.",
	"c_cpp.debuggers.symbolLoadInfo.exceptionList.description": "Noktalı virgülle ';' ayrılmış dosya adları listesi (joker karakterlere izin verilir). LoadAll davranışını değiştirir. LoadAll değeri true ise, listedeki herhangi bir adla eşleşen kitaplıklar için sembolleri yüklemeyin. Aksi takdirde yalnızca eşleşen kitaplıklar için sembolleri yükleyin. Örnek: \"foo.so;bar.so\"",
	"c_cpp.debuggers.requireExactSource.description": "Geçerli kaynak kodunun pdb ile eşleşmesini gerektiren isteğe bağlı bayrak."
}