{
    "c_cpp.command.configurationSelect.title": "Select a Configuration...",
    "c_cpp.command.configurationProviderSelect.title": "Change Configuration Provider...",
    "c_cpp.command.configurationEditJSON.title": "Edit Configurations (JSON)",
    "c_cpp.command.configurationEditUI.title": "Edit Configurations (UI)",
    "c_cpp.command.switchHeaderSource.title": "Switch Header/Source",
    "c_cpp.command.enableErrorSquiggles.title": "Enable Error Squiggles",
    "c_cpp.command.disableErrorSquiggles.title": "Disable Error Squiggles",
    "c_cpp.command.toggleIncludeFallback.title": "Toggle IntelliSense Engine Fallback on Include Errors",
    "c_cpp.command.toggleDimInactiveRegions.title": "Toggle Inactive Region Colorization",
    "c_cpp.command.resetDatabase.title": "Reset IntelliSense Database",
    "c_cpp.command.takeSurvey.title": "Take Survey",
    "c_cpp.command.buildAndDebugActiveFile.title": "Build and Debug Active File",
    "c_cpp.command.logDiagnostics.title": "Log Diagnostics",
    "c_cpp.command.referencesViewGroupByType.title": "Group by Reference Type",
    "c_cpp.command.referencesViewUngroupByType.title": "Ungroup by Reference Type",
    "c_cpp.command.rescanWorkspace.title": "Rescan Workspace",
    "c_cpp.command.vcpkgClipboardInstallSuggested.title": "Copy vcpkg install command to clipboard",
    "c_cpp.command.vcpkgOnlineHelpSuggested.title": "Visit the vcpkg help page",
    "c_cpp.configuration.clang_format_path.description": "The full path of the clang-format executable. If not specified, and clang-format is available in the environment path, that is used.  If not found in the environment path, a copy of clang-format bundled with the extension will be used.",
    "c_cpp.configuration.clang_format_style.description": "Coding style, currently supports: Visual Studio, LLVM, Google, Chromium, Mozilla, WebKit. Use \"file\" to load the style from a .clang-format file in the current or parent directory. Use {key: value, ...} to set specific parameters. For example, the \"Visual Studio\" style is similar to: { BasedOnStyle: LLVM, UseTab: Never, IndentWidth: 4, TabWidth: 4, BreakBeforeBraces: Allman, AllowShortIfStatementsOnASingleLine: false, IndentCaseLabels: false, ColumnLimit: 0, AccessModifierOffset: -4 }",
    "c_cpp.configuration.clang_format_fallbackStyle.description": "Name of the predefined style used as a fallback in case clang-format is invoked with style \"file\" but the .clang-format file is not found. Possible values are Visual Studio, LLVM, Google, Chromium, Mozilla, WebKit, none, or use {key: value, ...} to set specific parameters. For example, the \"Visual Studio\" style is similar to: { BasedOnStyle: LLVM, UseTab: Never, IndentWidth: 4, TabWidth: 4, BreakBeforeBraces: Allman, AllowShortIfStatementsOnASingleLine: false, IndentCaseLabels: false, ColumnLimit: 0, AccessModifierOffset: -4 }",
    "c_cpp.configuration.clang_format_sortIncludes.description": "If set, overrides the include sorting behavior determined by the SortIncludes parameter.",
    "c_cpp.configuration.intelliSenseEngine.description": "Controls the IntelliSense provider. \"Tag Parser\" provides \"fuzzy\" results that are not context-aware. \"Default\" provides context-aware results. \"Disabled\" turns off C/C++ language service features.",
    "c_cpp.configuration.intelliSenseEngineFallback.description": "Controls whether the IntelliSense engine will automatically switch to the Tag Parser for translation units containing #include errors.",
    "c_cpp.configuration.autocomplete.description": "Controls the auto-completion provider. \"Default\" uses the active IntelliSense engine. \"Disabled\" uses the word-based completion provided by Visual Studio Code.",
    "c_cpp.configuration.errorSquiggles.description": "Controls whether suspected compile errors detected by the IntelliSense engine will be reported back to the editor. This setting is ignored by the Tag Parser engine.",
    "c_cpp.configuration.dimInactiveRegions.description": "Controls whether inactive preprocessor blocks are colored differently than active code. This setting has no effect if IntelliSense is disabled or if using the Default High Contrast theme.",
    "c_cpp.configuration.inactiveRegionOpacity.description": "Controls the opacity of inactive preprocessor blocks. Scales between 0.1 and 1.0. This setting only applies when inactive region dimming is enabled.",
    "c_cpp.configuration.inactiveRegionForegroundColor.description": "Controls the font coloring of inactive preprocessor blocks. Input is in the form a hexadecimal color code or a valid Theme Color. If not set, this defaults to the syntax coloring scheme of the editor. This setting only applies when inactive region dimming is enabled.",
    "c_cpp.configuration.inactiveRegionBackgroundColor.description": "Controls the background coloring of inactive preprocessor blocks. Input is in the form a hexadecimal color code or a valid Theme Color. If not set, this defaults to transparent. This setting only applies when inactive region dimming is enabled.",
    "c_cpp.configuration.formatting.description": "\"Default\" enables code formatting. \"Disabled\" disables code formatting.",
    "c_cpp.configuration.loggingLevel.description": "The verbosity of logging in the Output Panel. The order of levels from least verbose to most verbose is: None < Error < Warning < Information < Debug.",
    "c_cpp.configuration.autoAddFileAssociations.description": "Controls whether files are automatically added to files.associations when they are the target of a navigation operation from a C/C++ file.",
    "c_cpp.configuration.workspaceParsingPriority.description": "Controls whether parsing of the non-active workspace files uses sleeps to avoid using 100% CPU. The values highest/high/medium/low correspond to approximately 100/75/50/25% CPU usage.",
    "c_cpp.configuration.workspaceSymbols.description": "The symbols to include in the query results when 'Go to Symbol in Workspace' is invoked",
    "c_cpp.configuration.exclusionPolicy.description": "Instructs the extension when to use the \"files.exclude\" setting when determining which files should be added to the code navigation database while traversing through the paths in the \"browse.path\" array. \"checkFolders\" means that the exclusion filters will only be evaluated once per folder (individual files are not checked). \"checkFilesAndFolders\" means that the exclusion filters will be evaluated against every file and folder encountered. If your \"files.exclude\" setting only contains folders, then \"checkFolders\" is the best choice and will increase the speed at which the extension can initialize the code navigation database.",
    "c_cpp.configuration.preferredPathSeparator.description": "The character used as a path separator for #include auto-completion results.",
    "c_cpp.configuration.commentContinuationPatterns.items.anyof.string.description": "The pattern that begins a multiline or single line comment block. The continuation pattern defaults to ' * ' for multiline comment blocks or this string for single line comment blocks.",
    "c_cpp.configuration.commentContinuationPatterns.items.anyof.object.begin.description": "The pattern that begins a multiline or single line comment block.",
    "c_cpp.configuration.commentContinuationPatterns.items.anyof.object.continue.description": "The text that will be inserted on the next line when Enter is pressed inside a multiline or single line comment block.",
    "c_cpp.configuration.commentContinuationPatterns.description": "Defines the editor behavior for when the Enter key is pressed inside a multiline or single line comment block.",
    "c_cpp.configuration.configurationWarnings.description": "Determines whether pop up notifications will be shown when a configuration provider extension is unable to provide a configuration for a source file.",
    "c_cpp.configuration.intelliSenseCachePath.description": "Defines the folder path for cached precompiled headers used by IntelliSense. The default cache path is \"%LocalAppData%/Microsoft/vscode-cpptools\" on Windows, \"$XDG_CACHE_HOME/vscode-cpptools/\" on Linux (or \"~/.cache/vscode-cpptools/\" if XDG_CACHE_HOME is not defined), and \"~/Library/Caches/vscode-cpptools/\" on Mac. The default path will be used if no path is specified or if a specified path is invalid.",
    "c_cpp.configuration.intelliSenseCacheSize.description": "Maximum size of the per-workspace hard drive space in megabytes for cached precompiled headers; the actual usage may fluctuate around this value. The default size is 5120 MB. Precompiled header caching is disabled when the size is 0.",
    "c_cpp.configuration.default.includePath.description": "The value to use in a configuration if \"includePath\" is not specified, or the values to insert if \"${default}\" is present in \"includePath\".",
    "c_cpp.configuration.default.defines.description": "The value to use in a configuration if \"defines\" is not specified, or the values to insert if \"${default}\" is present in \"defines\".",
    "c_cpp.configuration.default.macFrameworkPath.description": "The value to use in a configuration if \"macFrameworkPath\" is not specified, or the values to insert if \"${default}\" is present in \"macFrameworkPath\".",
    "c_cpp.configuration.default.windowsSdkVersion.description": "Version of the Windows SDK include path to use on Windows, e.g. '10.0.17134.0'.",
    "c_cpp.configuration.default.compileCommands.description": "The value to use in a configuration if \"compileCommands\" is either not specified, or set to \"${default}\".",
    "c_cpp.configuration.default.forcedInclude.description": "The value to use in a configuration if \"forcedInclude\" is not specified, or the values to insert if \"${default}\" is present in \"forcedInclude\".",
    "c_cpp.configuration.default.intelliSenseMode.description": "The value to use in a configuration if \"intelliSenseMode\" is either not specified or set to \"${default}\".",
    "c_cpp.configuration.default.compilerPath.description": "The value to use in a configuration if \"compilerPath\" is either not specified or set to \"${default}\".",
    "c_cpp.configuration.default.compilerArgs.description": "The value to use in configuration if \"compilerArgs\" is either not specified or set to \"${default}\".",
    "c_cpp.configuration.default.cStandard.description": "The value to use in a configuration if \"cStandard\" is either not specified or set to \"${default}\".",
    "c_cpp.configuration.default.cppStandard.description": "The value to use in a configuration if \"cppStandard\" is either not specified or set to \"${default}\".",
    "c_cpp.configuration.default.configurationProvider.description": "The value to use in a configuration if \"configurationProvider\" is either not specified or set to \"${default}\".",
    "c_cpp.configuration.default.browse.path.description": "The value to use in a configuration if \"browse.path\" is not specified, or the values to insert if \"${default}\" is present in \"browse.path\".",
    "c_cpp.configuration.default.browse.databaseFilename.description": "The value to use in a configuration if \"browse.databaseFilename\" is either not specified or set to \"${default}\".",
    "c_cpp.configuration.default.browse.limitSymbolsToIncludedHeaders.description": "The value to use in a configuration if \"browse.limitSymbolsToIncludedHeaders\" is either not specified or set to \"${default}\".",
    "c_cpp.configuration.default.systemIncludePath.description": "The value to use for the system include path. If set, it overrides the system include path acquired via \"compilerPath\" and \"compileCommands\" settings.",
    "c_cpp.configuration.default.enableConfigurationSquiggles.description": "Controls whether the extension will report errors detected in c_cpp_properties.json.",
    "c_cpp.configuration.updateChannel.description": "Set to \"Insiders\" to automatically download and install the latest Insiders builds of the extension, which include upcoming features and bug fixes.",
    "c_cpp.configuration.experimentalFeatures.description": "Controls whether \"experimental\" features are usable.",
    "c_cpp.configuration.suggestSnippets.description": "If true, snippets are provided by the language server.",
    "c_cpp.configuration.enhancedColorization.description": "If enabled, code is colorized based on IntelliSense. This setting has no effect if IntelliSense is disabled or if using the Default High Contrast theme.",
    "c_cpp.configuration.vcpkg.enabled.markdownDescription": "Enable integration services for the [vcpkg dependency manager](https://aka.ms/vcpkg/).",
    "c_cpp.configuration.renameRequiresIdentifier.description": "If true, 'Rename Symbol' will require a valid C/C++ identifier.",
    "c_cpp.contributes.views.cppReferencesView.title": "C/C++: Other references results",
    "c_cpp.contributes.viewsContainers.activitybar.CppRenameActivityBar.title": "C/C++ Rename",
    "c_cpp.contributes.views.cppRenamePendingView.title": "PENDING RENAME",
    "c_cpp.contributes.views.cppRenameCandidatesView.title": "CANDIDATES FOR RENAME",
    "c_cpp.command.CppRenameView.remove.title": "Remove Reference",
    "c_cpp.command.CppRenameView.add.title": "Add Reference",
    "c_cpp.command.CppRenameView.removeAll.title": "Remove All References",
    "c_cpp.command.CppRenameView.addAll.title": "Add All References",
    "c_cpp.command.CppRenameView.removeFile.title": "Remove References in File",
    "c_cpp.command.CppRenameView.addFile.title": "Add References in File",
    "c_cpp.command.CppRenameView.addReferenceType.title": "Add References of Type",
    "c_cpp.command.CppRenameView.cancel.title": "Cancel Rename",
    "c_cpp.command.CppRenameView.done.title": "Commit Rename",
    "c_cpp.debuggers.pipeTransport.description": "When present, this tells the debugger to connect to a remote computer using another executable as a pipe that will relay standard input/output between VS Code and the MI-enabled debugger backend executable (such as gdb).",
    "c_cpp.debuggers.pipeTransport.default.pipeProgram": "enter the fully qualified path for the pipe program name, for example '/usr/bin/ssh'",
    "c_cpp.debuggers.pipeTransport.default.debuggerPath": "The full path to the debugger on the target machine, for example /usr/bin/gdb.",
    "c_cpp.debuggers.pipeTransport.debuggerPath.description": "The full path to the debugger on the target machine, for example /usr/bin/gdb.",
    "c_cpp.debuggers.pipeTransport.pipeCwd.description": "The fully qualified path to the working directory for the pipe program.",
    "c_cpp.debuggers.pipeTransport.pipeProgram.description": "The fully qualified pipe command to execute.",
    "c_cpp.debuggers.pipeTransport.pipeArgs.description": "Command line arguments passed to the pipe program to configure the connection.",
    "c_cpp.debuggers.pipeTransport.pipeEnv.description": "Environment variables passed to the pipe program.",
    "c_cpp.debuggers.logging.description": "Optional flags to determine what types of messages should be logged to the Debug Console.",
    "c_cpp.debuggers.logging.exceptions.description": "Optional flag to determine whether exception messages should be logged to the Debug Console. Defaults to true.",
    "c_cpp.debuggers.logging.moduleLoad.description": "Optional flag to determine whether module load events should be logged to the Debug Console. Defaults to true.",
    "c_cpp.debuggers.logging.programOutput.description": "Optional flag to determine whether program output should be logged to the Debug Console. Defaults to true.",
    "c_cpp.debuggers.logging.engineLogging.description": "Optional flag to determine whether diagnostic debug engine messages should be logged to the Debug Console. Defaults to false.",
    "c_cpp.debuggers.logging.trace.description": "Optional flag to determine whether diagnostic adapter command tracing should be logged to the Debug Console. Defaults to false.",
    "c_cpp.debuggers.logging.traceResponse.description": "Optional flag to determine whether diagnostic adapter command and response tracing should be logged to the Debug Console. Defaults to false.",
    "c_cpp.debuggers.text.description": "The debugger command to execute.",
    "c_cpp.debuggers.description.description": "Optional description for the command.",
    "c_cpp.debuggers.ignoreFailures.description": "If true, failures from the command should be ignored. Default value is false.",
    "c_cpp.debuggers.program.description": "Full path to program executable.",
    "c_cpp.debuggers.args.description": "Command line arguments passed to the program.",
    "c_cpp.debuggers.cppdbg.type.description": "The type of the engine. Must be \"cppdbg\".",
    "c_cpp.debuggers.cppvsdbg.type.description": "The type of the engine. Must be \"cppvsdbg\".",
    "c_cpp.debuggers.targetArchitecture.description": "The architecture of the debuggee. This will automatically be detected unless this parameter is set. Allowed values are x86, arm, arm64, mips, x64, amd64, x86_64.",
    "c_cpp.debuggers.cwd.description": "The working directory of the target",
    "c_cpp.debuggers.setupCommands.description": "One or more GDB/LLDB commands to execute in order to setup the underlying debugger. Example: \"setupCommands\": [ { \"text\": \"-enable-pretty-printing\", \"description\": \"Enable GDB pretty printing\", \"ignoreFailures\": true }].",
    "c_cpp.debuggers.customLaunchSetupCommands.description": "If provided, this replaces the default commands used to launch a target with some other commands. For example, this can be \"-target-attach\" in order to attach to a target process. An empty command list replaces the launch commands with nothing, which can be useful if the debugger is being provided launch options as command line options. Example: \"customLaunchSetupCommands\": [ { \"text\": \"target-run\", \"description\": \"run target\", \"ignoreFailures\": false }].",
    "c_cpp.debuggers.launchCompleteCommand.description": "The command to execute after the debugger is fully setup in order to cause the target process to run. Allowed values are \"exec-run\", \"exec-continue\", \"None\". The default value is \"exec-run\".",
    "c_cpp.debuggers.cppdbg.visualizerFile.description": ".natvis file to be used when debugging this process. This option is not compatible with GDB pretty printing. Please also see \"showDisplayString\" if using this setting.",
    "c_cpp.debuggers.cppvsdbg.visualizerFile.description": ".natvis file to be used when debugging this process.",
    "c_cpp.debuggers.showDisplayString.description": "When a visualizerFile is specified, showDisplayString will enable the display string. Turning this option on can cause slower performance during debugging.",
    "c_cpp.debuggers.environment.description": "Environment variables to add to the environment for the program. Example: [ { \"name\": \"squid\", \"value\": \"clam\" } ].",
    "c_cpp.debuggers.envFile.description": "Absolute path to a file containing environment variable definitions. This file has key value pairs separated by an equals sign per line. E.g. KEY=VALUE",
    "c_cpp.debuggers.additionalSOLibSearchPath.description": "Semicolon separated list of directories to use to search for .so files. Example: \"c:\\dir1;c:\\dir2\".",
    "c_cpp.debuggers.MIMode.description": "Indicates the console debugger that the MIDebugEngine will connect to. Allowed values are \"gdb\" \"lldb\".",
    "c_cpp.debuggers.miDebuggerPath.description": "The path to the MI debugger (such as gdb). When unspecified, it will search path first for the debugger.",
    "c_cpp.debuggers.miDebuggerArgs.description": "Additional arguments for the MI debugger (such as gdb).",
    "c_cpp.debuggers.miDebuggerServerAddress.description": "Network address of the MI Debugger Server to connect to (example: localhost:1234).",
    "c_cpp.debuggers.stopAtEntry.description": "Optional parameter. If true, the debugger should stop at the entrypoint of the target. If processId is passed, has no effect.",
    "c_cpp.debuggers.debugServerPath.description": "Optional full path to debug server to launch. Defaults to null.",
    "c_cpp.debuggers.debugServerArgs.description": "Optional debug server args. Defaults to null.",
    "c_cpp.debuggers.serverStarted.description": "Optional server-started pattern to look for in the debug server output. Defaults to null.",
    "c_cpp.debuggers.filterStdout.description": "Search stdout stream for server-started pattern and log stdout to debug output. Defaults to true.",
    "c_cpp.debuggers.filterStderr.description": "Search stderr stream for server-started pattern and log stderr to debug output. Defaults to false.",
    "c_cpp.debuggers.serverLaunchTimeout.description": "Optional time, in milliseconds, for the debugger to wait for the debugServer to start up. Default is 10000.",
    "c_cpp.debuggers.coreDumpPath.description": "Optional full path to a core dump file for the specified program. Defaults to null.",
    "c_cpp.debuggers.cppdbg.externalConsole.description": "If true, a console is launched for the debuggee. If false, on Linux and Windows, it will appear in the Integrated Console.",
    "c_cpp.debuggers.cppvsdbg.externalConsole.description": "If true, a console is launched for the debuggee. If false, no console is launched.",
    "c_cpp.debuggers.avoidWindowsConsoleRedirection.description": "If true, disables debuggee console redirection that is required for Integrated Terminal support.",
    "c_cpp.debuggers.sourceFileMap.description": "Optional source file mappings passed to the debug engine. Example: '{ \"/original/source/path\":\"/current/source/path\" }'",
    "c_cpp.debuggers.processId.anyOf.description": "Optional process id to attach the debugger to. Use \"${command:pickProcess}\" to get a list of local running processes to attach to. Note that some platforms require administrator privileges in order to attach to a process.",
    "c_cpp.debuggers.symbolSearchPath.description": "Semicolon separated list of directories to use to search for symbol (that is, pdb) files. Example: \"c:\\dir1;c:\\dir2\".",
    "c_cpp.debuggers.dumpPath.description": "Optional full path to a dump file for the specified program. Example: \"c:\\temp\\app.dmp\". Defaults to null.",
    "c_cpp.debuggers.enableDebugHeap.description": "If false, the process will be launched with debug heap disabled. This sets the environment variable '_NO_DEBUG_HEAP' to '1'.",
    "c_cpp.debuggers.symbolLoadInfo.description": "Explicit control of symbol loading.",
    "c_cpp.debuggers.symbolLoadInfo.loadAll.description": "If true, symbols for all libs will be loaded, otherwise no solib symbols will be loaded. Default value is true.",
    "c_cpp.debuggers.symbolLoadInfo.exceptionList.description": "List of filenames (wildcards allowed) separated by semicolons ';'. Modifies behavior of LoadAll. If LoadAll is true then don't load symbols for libs that match any name in the list. Otherwise only load symbols for libs that match. Example: \"foo.so;bar.so\"",
    "c_cpp.debuggers.requireExactSource.description": "Optional flag to require current source code to match the pdb."
}
