{
	"c_cpp.command.configurationSelect.title": "Selecione uma Configuração...",
	"c_cpp.command.configurationProviderSelect.title": "Alterar Provedor de Configuração...",
	"c_cpp.command.configurationEditJSON.title": "Editar Configurações (JSON)",
	"c_cpp.command.configurationEditUI.title": "Editar Configurações (IU)",
	"c_cpp.command.switchHeaderSource.title": "Alternar Cabeçalho/Origem",
	"c_cpp.command.enableErrorSquiggles.title": "Habilitar Rabiscos de Erro",
	"c_cpp.command.disableErrorSquiggles.title": "Desabilitar Rabiscos de Erro",
	"c_cpp.command.toggleIncludeFallback.title": "Ativar/Desativar o Fallback do Mecanismo IntelliSense em Erros de Inclusão",
	"c_cpp.command.toggleDimInactiveRegions.title": "Ativar/Desativar a Colorização de Região Inativa",
	"c_cpp.command.resetDatabase.title": "Redefinir o Banco de Dados IntelliSense",
	"c_cpp.command.takeSurvey.title": "Responder Pesquisa",
	"c_cpp.command.buildAndDebugActiveFile.title": "Criar e Depurar Arquivo Ativo",
	"c_cpp.command.logDiagnostics.title": "Diagnóstico de Log",
	"c_cpp.command.referencesViewGroupByType.title": "Agrupar por Tipo de Referência",
	"c_cpp.command.referencesViewUngroupByType.title": "Desagrupar por Tipo de Referência",
	"c_cpp.command.rescanWorkspace.title": "Examinar Novamente o Workspace",
	"c_cpp.command.vcpkgClipboardInstallSuggested.title": "Copiar o comando de instalação vcpkg para a área de transferência",
	"c_cpp.command.vcpkgOnlineHelpSuggested.title": "Visite a página de ajuda do vcpkg",
	"c_cpp.configuration.clang_format_path.description": "O caminho completo do executável no formato clang. Se ele não for especificado e o formato clang estiver disponível no caminho do ambiente, ele será usado. Se ele não for encontrado no caminho do ambiente, será usada uma cópia no formato clang empacotada com a extensão.",
	"c_cpp.configuration.clang_format_style.description": "O estilo de codificação atualmente dá suporte a: Visual Studio, LLVM, Google, Chromium, Mozilla, WebKit. Use \"arquivo\" para carregar o estilo de um arquivo .clang-format no diretório atual ou pai. Use {key: value, ...} para definir parâmetros específicos. Por exemplo, o estilo \"Visual Studio\" é semelhante a: { BasedOnStyle: LLVM, UseTab: Never, IndentWidth: 4, TabWidth: 4, BreakBeforeBraces: Allman, AllowShortIfStatementsOnASingleLine: false, IndentCaseLabels: false, ColumnLimit: 0, AccessModifierOffset: -4 }",
	"c_cpp.configuration.clang_format_fallbackStyle.description": "O nome do estilo predefinido usado como fallback no caso clang-format foi invocado com o estilo \"file\", mas o arquivo .clang-format não foi encontrado. Os valores possíveis são Visual Studio, LLVM, Google, Chromium, Mozilla, WebKit, nenhum ou use {key: value,...} para definir parâmetros específicos. Por exemplo, o estilo \"Visual Studio\" é semelhante a: { BasedOnStyle: LLVM, UseTab: Never, IndentWidth: 4, TabWidth: 4, BreakBeforeBraces: Allman, AllowShortIfStatementsOnASingleLine: false, IndentCaseLabels: false, ColumnLimit: 0, AccessModifierOffset: -4 }",
	"c_cpp.configuration.clang_format_sortIncludes.description": "Se definido, substitui o comportamento de classificação de inclusão determinado pelo parâmetro SortIncludes.",
	"c_cpp.configuration.intelliSenseEngine.description": "Controla o provedor IntelliSense. \"Analisador de Marca\" fornece resultados \"difusos\" sem reconhecimento de contexto. \"Padrão\" fornece resultados de reconhecimento de contexto. \"Desabilitado\" desativa os recursos do serviço de linguagem C/C++.",
	"c_cpp.configuration.intelliSenseEngineFallback.description": "Controla se o mecanismo IntelliSense alternará automaticamente para o Analisador de Marca para unidades de tradução contendo erros de #include.",
	"c_cpp.configuration.autocomplete.description": "Controla o provedor de preenchimento automático. \"Padrão\" usa o mecanismo ativo do IntelliSense. \"Desabilitado\" usa o preenchimento baseado em palavras fornecido pelo Visual Studio Code.",
	"c_cpp.configuration.errorSquiggles.description": "Controla se os erros de compilação suspeitos detectados pelo mecanismo IntelliSense serão relatados de volta ao editor. Esta configuração é ignorada pelo mecanismo do Analisador de Marca.",
	"c_cpp.configuration.dimInactiveRegions.description": "Controla se os blocos de pré-processador inativos são coloridos de forma diferente do código ativo. Esta configuração não terá efeito se o IntelliSense estiver desabilitado ou se você estiver usando o tema de Alto Contraste Padrão.",
	"c_cpp.configuration.inactiveRegionOpacity.description": "Controla a opacidade dos blocos de pré-processador inativos. Dimensiona entre 0,1 e 1,0. Esta configuração é aplicável somente quando o esmaecimento da região inativa está habilitado.",
	"c_cpp.configuration.inactiveRegionForegroundColor.description": "Controla a cor da fonte dos blocos de pré-processador inativos. A entrada está no formato de um código de cor hexadecimal ou de uma Cor de Tema válida. Se não estiver definido, o esquema de cores de sintaxe do editor será usado como padrão. Esta configuração é aplicável somente quando o esmaecimento da região inativa está habilitado.",
	"c_cpp.configuration.inactiveRegionBackgroundColor.description": "Controla a cor da tela de fundo dos blocos de pré-processador inativos. A entrada está no formato de um código de cor hexadecimal ou de uma Cor de Tema válida. Se não estiver definido, transparente será usado como padrão. Esta configuração é aplicável somente quando o esmaecimento da região inativa está habilitado.",
	"c_cpp.configuration.formatting.description": "\"Padrão\" habilita a formatação de código. \"Desabilitado\" desabilita a formatação de código.",
	"c_cpp.configuration.loggingLevel.description": "O detalhamento do log no Painel de Saída. A ordem dos níveis de menos detalhado para mais detalhado é: Nenhum < Erro < Aviso < Informações < Depuração.",
	"c_cpp.configuration.autoAddFileAssociations.description": "Controla se os arquivos são automaticamente adicionados a files.associations quando eles são o destino de uma operação de navegação de um arquivo C/C++.",
	"c_cpp.configuration.workspaceParsingPriority.description": "Controla se a análise dos arquivos de workspace não ativos usa a suspensão para evitar o uso de 100% da CPU. Os valores mais alto, alto, médio e baixo correspondem a aproximadamente 100, 75, 50 e 25% de uso da CPU.",
	"c_cpp.configuration.workspaceSymbols.description": "Os símbolos a serem incluídos nos resultados da consulta quando 'Ir para o Símbolo no Workspace' é invocado",
	"c_cpp.configuration.exclusionPolicy.description": "Instrui a extensão quando usar a configuração \"files.exclude\" ao determinar quais arquivos devem ser adicionados ao banco de dados de navegação de código enquanto atravessa os caminhos na matriz \"browse.path\". \"checkFolders\" significa que os filtros de exclusão só serão avaliados uma vez por pasta (arquivos individuais não são verificados). \"checkFilesAndFolders\" significa que os filtros de exclusão serão avaliados em relação a cada arquivo e pasta encontrados. Se a configuração de \"files.exclude\" contiver somente pastas, \"checkFolders\" será a melhor opção e aumentará a velocidade à qual a extensão pode inicializar o banco de dados de navegação de código.",
	"c_cpp.configuration.preferredPathSeparator.description": "O caractere usado como separador de caminho para resultados de preenchimento automático de #include.",
	"c_cpp.configuration.commentContinuationPatterns.items.anyof.string.description": "O padrão que inicia um bloco de comentário de linha única ou de várias linhas. O padrão de continuação usa ' * ' como padrão para blocos de comentário de várias linhas ou esta cadeia de caracteres para blocos de comentário de linha única.",
	"c_cpp.configuration.commentContinuationPatterns.items.anyof.object.begin.description": "O padrão que inicia um bloco de comentário de linha única ou de várias linhas.",
	"c_cpp.configuration.commentContinuationPatterns.items.anyof.object.continue.description": "O texto que será inserido na próxima linha quando Enter for pressionado dentro de um bloco de comentário de linha única ou de várias linhas.",
	"c_cpp.configuration.commentContinuationPatterns.description": "Define o comportamento do editor para quando a tecla Enter é pressionada dentro de um bloco de comentário de linha única ou de várias linhas.",
	"c_cpp.configuration.configurationWarnings.description": "Determina se as notificações pop-up serão mostradas quando uma extensão do provedor de configuração não puder fornecer uma configuração para um arquivo de origem.",
	"c_cpp.configuration.intelliSenseCachePath.description": "Define o caminho da pasta para os cabeçalhos pré-compilados armazenados em cache usados pelo IntelliSense. O caminho do cache padrão é \"%LocalAppData%/Microsoft/vscode-cpptools\" no Windows, \"$XDG_CACHE_HOME/vscode-cpptools/\" no Linux (ou \"~/.cache/vscode-cpptools/\" quando XDG_CACHE_HOME não está definido) e \"~/Library/Caches/vscode-cpptools/\" no Mac. O caminho padrão será usado se nenhum caminho for especificado ou se um caminho especificado for inválido.",
	"c_cpp.configuration.intelliSenseCacheSize.description": "Tamanho máximo do espaço de disco rígido por workspace, em megabytes, para cabeçalhos pré-compilados armazenados em cache; o uso real pode flutuar ao redor desse valor. O tamanho padrão é de 5120 MB. O cache pré-compilado de cabeçalho é desabilitado quando o tamanho é 0.",
	"c_cpp.configuration.default.includePath.description": "O valor a ser usado em uma configuração se \"includePath\" não for especificado ou os valores a serem inseridos se \"${default}\" estiver presente em \"includePath\".",
	"c_cpp.configuration.default.defines.description": "O valor a ser usado em uma configuração se \"defines\" não for especificado ou os valores a serem inseridos se \"${default}\" estiver presente em \"defines\".",
	"c_cpp.configuration.default.macFrameworkPath.description": "O valor a ser usado em uma configuração se \"macFrameworkPath\" não for especificado ou os valores a serem inseridos se \"${default}\" estiver presente em \"macFrameworkPath\".",
	"c_cpp.configuration.default.windowsSdkVersion.description": "A versão do caminho de inclusão do SDK do Windows a ser usada no Windows, por exemplo, '10.0.17134.0'.",
	"c_cpp.configuration.default.compileCommands.description": "O valor a ser usado em uma configuração se \"compileCommands\" não for especificado ou estiver definido como \"${default}\".",
	"c_cpp.configuration.default.forcedInclude.description": "O valor a ser usado em uma configuração se \"forcedInclude\" não for especificado ou os valores a serem inseridos se \"${default}\" estiver presente em \"forcedInclude\".",
	"c_cpp.configuration.default.intelliSenseMode.description": "O valor a ser usado em uma configuração se \"intelliSenseMode\" não for especificado ou estiver definido como \"${default}\".",
	"c_cpp.configuration.default.compilerPath.description": "O valor a ser usado em uma configuração se \"compilerPath\" não for especificado ou estiver definido como \"${default}\".",
	"c_cpp.configuration.default.compilerArgs.description": "O valor a ser usado na configuração se \"compilerArgs\" não for especificado ou estiver definido como \"${default}\".",
	"c_cpp.configuration.default.cStandard.description": "O valor a ser usado em uma configuração se \"cStandard\" não for especificado ou estiver definido como \"${default}\".",
	"c_cpp.configuration.default.cppStandard.description": "O valor a ser usado em uma configuração se \"cppStandard\" não for especificado ou estiver definido como \"${default}\".",
	"c_cpp.configuration.default.configurationProvider.description": "O valor a ser usado em uma configuração se \"configurationProvider\" não for especificado ou estiver definido como \"${default}\".",
	"c_cpp.configuration.default.browse.path.description": "O valor a ser usado em uma configuração se \"browse.path\" não for especificado ou os valores a serem inseridos se \"${default}\" estiver presente em \"browse.path\".",
	"c_cpp.configuration.default.browse.databaseFilename.description": "O valor a ser usado em uma configuração se a opção \"browse.databaseFilename\" não for especificada ou estiver definida como \"${default}\".",
	"c_cpp.configuration.default.browse.limitSymbolsToIncludedHeaders.description": "O valor a ser usado em uma configuração se a opção \"browse.limitSymbolsToIncludedHeaders\" não for especificada ou estiver definida como \"${default}\".",
	"c_cpp.configuration.default.systemIncludePath.description": "O valor a ser usado para o caminho de inclusão do sistema. Se definido, substitui o caminho de inclusão do sistema adquirido por meio das configurações \"compilerPath\" e \"compileCommands\".",
	"c_cpp.configuration.default.enableConfigurationSquiggles.description": "Controla se a extensão relatará erros detectados em c_cpp_properties.json.",
	"c_cpp.configuration.updateChannel.description": "Defina como \"Insiders\" para baixar e instalar automaticamente os builds mais recentes do Insiders para a extensão, que incluem recursos futuros e correções de bugs.",
	"c_cpp.configuration.experimentalFeatures.description": "Controla se os recursos \"experimentais\" podem ser usados.",
	"c_cpp.configuration.suggestSnippets.description": "Se for true, os snippets serão fornecidos pelo servidor de idiomas.",
	"c_cpp.configuration.enhancedColorization.description": "Se habilitado, o código é colorizado com base no IntelliSense. Essa configuração não terá efeito se o IntelliSense estiver desabilitado ou se você estiver usando o tema de Alto Contraste Padrão.",
	"c_cpp.configuration.vcpkg.enabled.markdownDescription": "Habilitar os serviços de integração para o [gerenciador de dependências vcpkg](https://aka.ms/vcpkg/).",
	"c_cpp.configuration.renameRequiresIdentifier.description": "Se for true, 'Renomear Símbolo' exigirá um identificador C/C++ válido.",
	"c_cpp.contributes.views.cppReferencesView.title": "C/C++: outros resultados de referências",
	"c_cpp.contributes.viewsContainers.activitybar.CppRenameActivityBar.title": "Renomeação do C/C++",
	"c_cpp.contributes.views.cppRenamePendingView.title": "RENOMEAÇÃO PENDENTE",
	"c_cpp.contributes.views.cppRenameCandidatesView.title": "CANDIDATOS PARA A RENOMEAÇÃO",
	"c_cpp.command.CppRenameView.remove.title": "Remover a Referência",
	"c_cpp.command.CppRenameView.add.title": "Adicionar Referência",
	"c_cpp.command.CppRenameView.removeAll.title": "Remover Todas as Referências",
	"c_cpp.command.CppRenameView.addAll.title": "Adicionar Todas as Referências",
	"c_cpp.command.CppRenameView.removeFile.title": "Remover as Referências no Arquivo",
	"c_cpp.command.CppRenameView.addFile.title": "Adicionar Referências no Arquivo",
	"c_cpp.command.CppRenameView.addReferenceType.title": "Adicionar Referências de Tipo",
	"c_cpp.command.CppRenameView.cancel.title": "Cancelar a Renomeação",
	"c_cpp.command.CppRenameView.done.title": "Confirmar a Renomeação",
	"c_cpp.debuggers.pipeTransport.description": "Quando presente, isso instrui o depurador a conectar-se a um computador remoto usando outro executável como um pipe que retransmitirá a entrada/saída padrão entre o VS Code e o executável do back-end do depurador habilitado para MI (como gdb).",
	"c_cpp.debuggers.pipeTransport.default.pipeProgram": "insira o caminho totalmente qualificado para o nome do programa do pipe, por exemplo '/usr/bin/ssh'",
	"c_cpp.debuggers.pipeTransport.default.debuggerPath": "O caminho completo para o depurador no computador de destino, por exemplo, /usr/bin/gdb.",
	"c_cpp.debuggers.pipeTransport.debuggerPath.description": "O caminho completo para o depurador no computador de destino, por exemplo, /usr/bin/gdb.",
	"c_cpp.debuggers.pipeTransport.pipeCwd.description": "O caminho totalmente qualificado para o diretório de trabalho para o programa do pipe.",
	"c_cpp.debuggers.pipeTransport.pipeProgram.description": "O comando do pipe totalmente qualificado para executar.",
	"c_cpp.debuggers.pipeTransport.pipeArgs.description": "Argumentos da linha de comando passados para o programa do pipe para configurar a conexão.",
	"c_cpp.debuggers.pipeTransport.pipeEnv.description": "Variáveis de ambiente passadas para o programa do pipe.",
	"c_cpp.debuggers.logging.description": "Sinalizadores opcionais para determinar quais tipos de mensagens devem ser registrados no Console de Depuração.",
	"c_cpp.debuggers.logging.exceptions.description": "Sinalizador opcional para determinar se as mensagens de exceção devem ser registradas no Console de Depuração. Usa true como padrão.",
	"c_cpp.debuggers.logging.moduleLoad.description": "Sinalizador opcional para determinar se os eventos de carregamento do módulo devem ser registrados no Console de Depuração. Usa true como padrão.",
	"c_cpp.debuggers.logging.programOutput.description": "Sinalizador opcional para determinar se a saída do programa deve ser registrada no Console de Depuração. Usa true como padrão.",
	"c_cpp.debuggers.logging.engineLogging.description": "Sinalizador opcional para determinar se as mensagens do mecanismo de depuração de diagnóstico devem ser registradas no Console de Depuração. Usa false como padrão.",
	"c_cpp.debuggers.logging.trace.description": "Sinalizador opcional para determinar se o rastreamento de comandos do adaptador de diagnóstico deve ser registrado no Console de Depuração. Usa false como padrão.",
	"c_cpp.debuggers.logging.traceResponse.description": "Sinalizador opcional para determinar se o rastreamento de resposta e de comandos do adaptador de diagnóstico deve ser registrado no Console de Depuração. Usa false como padrão.",
	"c_cpp.debuggers.text.description": "O comando do depurador a se executar.",
	"c_cpp.debuggers.description.description": "Descrição opcional para o comando.",
	"c_cpp.debuggers.ignoreFailures.description": "Se for true, as falhas do comando deverão ser ignoradas. O valor padrão é false.",
	"c_cpp.debuggers.program.description": "Caminho completo para o executável do programa.",
	"c_cpp.debuggers.args.description": "Argumentos de linha de comando passados para o programa.",
	"c_cpp.debuggers.cppdbg.type.description": "O tipo do mecanismo. Precisa ser \"cppdbg\".",
	"c_cpp.debuggers.cppvsdbg.type.description": "O tipo do mecanismo. Precisa ser \"cppvsdbg\".",
	"c_cpp.debuggers.targetArchitecture.description": "A arquitetura do depurador. Ela será detectada automaticamente a menos que este parâmetro seja definido. Os valores permitidos são x86, arm, arm64, mips, x64, amd64 e x86_64.",
	"c_cpp.debuggers.cwd.description": "O diretório de trabalho do destino",
	"c_cpp.debuggers.setupCommands.description": "Um ou mais comandos GDB/LLDB para executar para configurar o depurador subjacente. Por exemplo: \"setupCommands\": [ { \"text\": \"-enable-pretty-printing\", \"description\": \"Enable GDB pretty printing\", \"ignoreFailures\": true }].",
	"c_cpp.debuggers.customLaunchSetupCommands.description": "Se fornecido, isto substitui os comandos padrão usados para iniciar um destino com outros comandos. Por exemplo, isto pode ser \"-target-attach\" para anexar a um processo de destino. Uma lista de comandos vazia substituiu os comandos de inicialização por nada, o que pode ser útil se o depurador é fornecido com opções de lançamento como opções da linha de comando. Por exemplo: \"customLaunchSetupCommands\": [ { \"text\": \"target-run\", \"description\": \"run target\", \"ignoreFailures\": false }].",
	"c_cpp.debuggers.launchCompleteCommand.description": "O comando para executar após o depurador ser completamente configurado para causar a execução do processo de destino. Os valores permitidos são \"exec-run\", \"exec-continue\" e \"None\". O valor padrão é \"exec-run\".",
	"c_cpp.debuggers.cppdbg.visualizerFile.description": "arquivo .natvis a ser usado durante a depuração deste processo. Esta opção não é compatível com a reformatação automática GDB. Além disso, confira \"showDisplayString\" se estiver usando esta configuração.",
	"c_cpp.debuggers.cppvsdbg.visualizerFile.description": "arquivo .natvis a ser usado durante a depuração deste processo.",
	"c_cpp.debuggers.showDisplayString.description": "Quando um visualizerFile é especificado, showDisplayString habilita a cadeia de caracteres de exibição. Ativar essa opção pode causar um desempenho mais lento durante a depuração.",
	"c_cpp.debuggers.environment.description": "Variáveis de ambiente para adicionar ao ambiente para o programa. Por exemplo: [ { \"name\": \"squid\", \"value\": \"clam\" } ].",
	"c_cpp.debuggers.envFile.description": "Caminho absoluto para um arquivo que contém as definições de variável de ambiente. Este arquivo tem pares chave-valor separados por um sinal de igual por linha. Por exemplo, CHAVE=VALOR",
	"c_cpp.debuggers.additionalSOLibSearchPath.description": "Lista separada por ponto e vírgula de diretórios a serem usados para pesquisar arquivos .so. Exemplo: \"c:\\dir1;c:\\dir2\".",
	"c_cpp.debuggers.MIMode.description": "Indica o depurador de console ao qual o MIDebugEngine será conectado. Os valores permitidos são \"gdb\" \"lldb\".",
	"c_cpp.debuggers.miDebuggerPath.description": "O caminho para o depurador MI (como o gdb). Quando não for especificado, ele pesquisará o caminho primeiro para o depurador.",
	"c_cpp.debuggers.miDebuggerArgs.description": "Argumentos adicionais para o depurador MI (como o gdb).",
	"c_cpp.debuggers.miDebuggerServerAddress.description": "Endereço de rede do Servidor de Depurador MI ao qual se conectar (exemplo: localhost:1234).",
	"c_cpp.debuggers.stopAtEntry.description": "Parâmetro opcional. Se for true, o depurador deverá parar no ponto de entrada do destino. Se processId for passado, não terá efeito.",
	"c_cpp.debuggers.debugServerPath.description": "Caminho completo opcional para o servidor de depuração iniciar. O padrão é null.",
	"c_cpp.debuggers.debugServerArgs.description": "Args opcionais do servidor de depuração. O padrão é null.",
	"c_cpp.debuggers.serverStarted.description": "Padrão iniciado pelo servidor opcional para procurar na saída do servidor de depuração. O padrão é null.",
	"c_cpp.debuggers.filterStdout.description": "Pesquise o fluxo stdout para o padrão iniciado pelo servidor e log stdout para depurar a saída. O padrão é true.",
	"c_cpp.debuggers.filterStderr.description": "Pesquise o fluxo stderr para o padrão iniciado pelo servidor e log stderr para depurar a saída. O padrão é false.",
	"c_cpp.debuggers.serverLaunchTimeout.description": "Tempo opcional, em milissegundos, para o depurador aguardar o debugServer iniciar. O padrão é 10.000.",
	"c_cpp.debuggers.coreDumpPath.description": "Caminho completo opcional para um arquivo de despejo de núcleo para o programa especificado. O padrão é nulo.",
	"c_cpp.debuggers.cppdbg.externalConsole.description": "Se for true, um console será iniciado para o depurador. Se for false, no Linux e no Windows, ele será exibido no Console Integrado.",
	"c_cpp.debuggers.cppvsdbg.externalConsole.description": "Se for true, um console será iniciado para o depurador. Se for false, nenhum console será iniciado.",
	"c_cpp.debuggers.avoidWindowsConsoleRedirection.description": "Se for true, desabilitará o redirecionamento do console do depurador requerido para o suporte do Terminal Integrado.",
	"c_cpp.debuggers.sourceFileMap.description": "Mapeamentos de arquivo de origem opcionais passados para o mecanismo de depuração. Exemplo: '{ \"/original/source/path\":\"/current/source/path\" }'",
	"c_cpp.debuggers.processId.anyOf.description": "ID do processo opcional ao qual anexar o depurador. Use \"${command:pickProcess}\" para obter uma lista de processos locais em execução aos quais anexar. Observe que algumas plataformas exigem privilégios de administrador para anexação a um processo.",
	"c_cpp.debuggers.symbolSearchPath.description": "Lista separada por ponto e vírgula de diretórios a serem usados para pesquisar arquivos de símbolo (ou seja, pdb). Exemplo: \"c:\\dir1;c:\\dir2\".",
	"c_cpp.debuggers.dumpPath.description": "Caminho completo opcional para um arquivo de despejo para o programa especificado. Exemplo: \"c:\\temp\\app.dmp\". Usa nulo como padrão.",
	"c_cpp.debuggers.enableDebugHeap.description": "Se for false, o processo será iniciado com o heap de depuração desabilitado. Isso define a variável de ambiente '_NO_DEBUG_HEAP' como '1'.",
	"c_cpp.debuggers.symbolLoadInfo.description": "Controle explícito do carregamento de símbolo.",
	"c_cpp.debuggers.symbolLoadInfo.loadAll.description": "Se for true, os símbolos de todas as bibliotecas serão carregados, caso contrário, não será carregado nenhum símbolo solib. O valor padrão é true.",
	"c_cpp.debuggers.symbolLoadInfo.exceptionList.description": "Lista de nomes de arquivo (curingas permitidos) separados por ponto e vírgula ';'. Modifica o comportamento de LoadAll. Se LoadAll for true, não carregue símbolos para bibliotecas que correspondam a um nome na lista. Caso contrário, carregue símbolos somente para bibliotecas que correspondam. Exemplo: \"foo.so;bar.so\"",
	"c_cpp.debuggers.requireExactSource.description": "Sinalizador opcional para exigir que o código-fonte atual corresponda ao PDB."
}