{
    "command.activateIcons": "Material Icons: Aktywuj motyw ikon",
    "command.toggleIconPacks": "Material Icons: Skonfiguruj paczki ikon",
    "command.changeFolderTheme": "Material Icons: Zmień motyw folderów",
    "command.changeFolderColor": "Material Icons: Zmień kolor folderów",
    "command.restoreDefaultConfig": "Material Icons: Przywróć domyślne ustawienia",
    "command.toggleExplorerArrows": "Material Icons: Ukryj strzałki przy folderach",
    "command.changeOpacity": "Material Icons: Zmień przezroczystość",
    "command.toggleGrayscale": "Material Icons: Przełącz czarno-białe ikony",
    "command.changeSaturation": "Material Icons: Zmień nasycenie ikon",
    "configuration.title": "Material Icons",
    "configuration.files.associations": "Ustaw niestandardowe ikony plików.",
    "configuration.folders.associations": "Ustaw niestandardowe ikony folderów.",
    "configuration.languages.associations": "Ustaw niestandardowe ikony języków.",
    "configuration.showWelcomeMessage": "Wyświetl wiadomość powitalną przy pierwszej instalacji.",
    "configuration.showUpdateMessage": "Wyświetl wiadomość po każdej aktualizacji.",
    "configuration.showReloadMessage": "Wyświetl wiadomość o restarcie.",
    "configuration.activeIconPack": "Wybierz paczkę dla niektórych ikon.",
    "configuration.activeIconPack.angular": "Ikony dla Angulara.",
    "configuration.activeIconPack.angular_ngrx": "Ikony dla Angulara i ngrx.",
    "configuration.activeIconPack.react": "Ikony dla Reacta.",
    "configuration.activeIconPack.react_redux": "Ikony dla Reacta i Reduxa.",
    "configuration.activeIconPack.vue": "Ikony dla Vue.",
    "configuration.activeIconPack.vue_vuex": "Ikony dla Vue i Vuex.",
    "configuration.activeIconPack.nest": "Ikony dla NestJS.",
    "configuration.activeIconPack.none": "Brak włączonej paczki ikon.",
    "configuration.folders.theme": "Wybierz typ ikon folderów.",
    "configuration.folders.theme.specific": "Wybierz ikony folderów.",
    "configuration.folders.theme.classic": "Wybierz klasyczne ikony folderów.",
    "configuration.folders.theme.none": "Brak ikon folderów.",
    "configuration.folders.color": "Zmień kolor ikon folderów.",
    "configuration.hidesExplorerArrows": "Ukryj strzałki przy folderach.",
    "configuration.opacity": "Zmień przezroczystość ikon.",
    "configuration.saturation": "Zmień nasycenie ikon."
}
